so,
du,
ja,
je,
ob,
öl,
wo,
im,
al,
be,
ho,
at,
mal,
hof,
box,
kuh,
per,
es,
da,
in,
zu,
ab,
an,
ei,
er,
um,
am,
bad,
ohr,
reh,
das,
arm,
fan,
hut,
mut,
ort,
tag,
tee,
ton,
kur,
bis,
eng,
roh,
rot,
auf,
ein,
nie,
all,
als,
amt,
arg,
art,
ast,
aus,
bar,
bau,
bei,
die,
ehe,
eid,
eis,
elf,
für,
gas,
gut,
hin,
mai,
naß,
neu,
nur,
oft,
rad,
rat,
see,
sie,
ski,
tat,
tor,
tun,
tür,
und,
wer,
wir,
zäh,
zug,
ist,
den,
dem,
ihn,
zum,
zur,
sei,
mag,
wen,
tue,
hau,
nah,
bat,
sau,
ass,
zeh,
rau,
aber,
adel,
ader,
aids,
alle,
also,
arme,
arzt,
aßen,
asyl,
atem,
auch,
auge,
bach,
bahn,
bald,
ball,
band,
bank,
bann,
bart,
baut,
bein,
bell,
berg,
bier,
blau,
blei,
blut,
bote,
brav,
buch,
burg,
cafe,
chef,
chip,
clan,
dach,
dame,
dank,
dann,
darm,
dein,
denn,
dieb,
dies,
dorn,
dran,
drei,
eben,
echo,
ecke,
edel,
edle,
egal,
ehre,
eilt,
ekel,
elan,
elch,
ende,
enge,
ente,
erde,
erst,
esel,
esst,
etat,
etwa,
euer,
ewig,
fach,
fair,
fall,
fast,
fein,
fern,
fiel,
flut,
fort,
frau,
frei,
früh,
gage,
gans,
gast,
gebe,
gelb,
geld,
gern,
gier,
glas,
gram,
grau,
grüß,
haar,
habe,
haft,
halb,
hals,
halt,
hält,
hand,
hart,
hase,
hast,
haus,
haut,
hebt,
heer,
heil,
heiß,
hell,
helm,
hemd,
herd,
herr,
hier,
hieß,
höhe,
horn,
hüte,
idee,
igel,
inne,
jade,
jahr,
kamm,
kann,
keck,
keil,
kein,
kerl,
kern,
kies,
kinn,
kitt,
klan,
klar,
knie,
koch,
komm,
kühe,
kühl,
kurz,
lade,
lady,
lage,
lahm,
laie,
lamm,
land,
lang,
laus,
laut,
lebe,
lebt,
leer,
leid,
lieb,
lied,
lief,
ließ,
lift,
lila,
live,
lohn,
lose,
luft,
lüge,
mais,
mann,
mark,
mars,
maus,
meer,
mehr,
mein,
menü,
miau,
mich,
mies,
mist,
mode,
mond,
mühe,
nach,
nähe,
name,
neid,
nein,
nerv,
nest,
nett,
noch,
norm,
note,
oben,
ober,
oder,
ofen,
ohne,
pech,
pest,
piep,
plan,
poet,
post,
punk,
rabe,
rand,
rang,
raub,
real,
reif,
rein,
reis,
reiß,
reiz,
reue,
rief,
rind,
rohr,
rose,
rost,
rübe,
ruhe,
rühr,
rund,
saat,
saft,
samt,
sand,
satt,
satz,
sehr,
seht,
seil,
sein,
seit,
sekt,
senf,
sich,
sieb,
sieg,
sind,
sinn,
soda,
stab,
star,
stau,
steh,
stil,
tabu,
tage,
tank,
tanz,
taub,
team,
teig,
teil,
tief,
tier,
tipp,
töne,
topf,
traf,
treu,
tüte,
übel,
üben,
über,
ufer,
vage,
vase,
vers,
viel,
vier,
wach,
wage,
wagt,
wahn,
wann,
ware,
weib,
weil,
wein,
welt,
wenn,
wert,
wind,
wirt,
witz,
zank,
zart,
zaum,
zehn,
zeit,
ziel,
zins,
züge,
abend,
abzug,
achse,
acker,
adele,
adios,
agent,
ahnen,
allee,
alter,
älter,
anker,
anmut,
arena,
armee,
asche,
asien,
atmen,
außen,
außer,
autor,
baden,
bange,
bares,
basta,
bauch,
bauen,
bauer,
belle,
berge,
besen,
beten,
beton,
bibel,
biene,
birne,
blind,
bluff,
blute,
brand,
braun,
braut,
brave,
breit,
brief,
bruch,
brühe,
bühne,
chips,
crack,
crane,
dahin,
danke,
dauer,
denen,
dicht,
diele,
dünne,
ebene,
ecken,
eiche,
eifer,
eigen,
eilen,
eimer,
einst,
eisen,
eisig,
eitel,
ekeln,
elite,
engel,
enkel,
enorm,
erben,
erbse,
ernst,
ernte,
erste,
essen,
etage,
fahne,
fahrt,
fegen,
feier,
feind,
ferne,
feuer,
fisch,
flach,
fleck,
freie,
frühe,
gabel,
gebar,
geben,
geier,
geist,
genau,
genie,
geste,
getan,
getue,
gleis,
gnade,
gramm,
haben,
hafen,
hafer,
hauen,
heben,
heiße,
herab,
heran,
hieße,
hilfe,
höhen,
höhle,
holen,
hütet,
hütte,
ideal,
insel,
kalte,
kälte,
kamel,
kanne,
karre,
karte,
kater,
katze,
kennt,
kerbe,
kiste,
klärt,
kleid,
klein,
komet,
komme,
könne,
könnt,
koste,
kreis,
kreml,
kreuz,
krise,
krone,
kühle,
kurze,
küste,
laden,
lager,
laken,
laune,
leben,
leber,
leder,
ledig,
leere,
legen,
lehre,
leine,
leise,
leite,
lenkt,
lerne,
liebe,
liebt,
ließt,
linde,
linse,
liste,
liter,
mache,
magen,
mager,
malen,
maler,
manch,
marke,
meins,
meist,
menge,
mensa,
meter,
miese,
musik,
nagel,
nagen,
nasse,
natur,
nebel,
neben,
olive,
orden,
orten,
pfeil,
piept,
preis,
punkt,
rache,
rasen,
raten,
recht,
reden,
regal,
regel,
regen,
regie,
reich,
reife,
reihe,
reißt,
rente,
rhein,
riese,
rinde,
rufen,
rühre,
runde,
sache,
sagen,
sahne,
samen,
schaf,
schal,
scham,
sehen,
seide,
seite,
serie,
sonst,
sorte,
speer,
spiel,
spieß,
sport,
statt,
staub,
stehe,
steil,
stein,
stern,
stets,
stroh,
stück,
sturm,
tadel,
tante,
taten,
teile,
teils,
teilt,
teuer,
thema,
titel,
toben,
töten,
totes,
träne,
treue,
trübe,
üblen,
unser,
unter,
wagen,
wagte,
wange,
wanne,
wecke,
weile,
weise,
wiese,
wirst,
woche,
zählt,
zähne,
zeuge,
ziege,
zügel,
zunge,
zweck,
zwist,
abfall,
achten,
akzent,
allein,
anfall,
anfang,
angeln,
anreiz,
anteil,
araber,
arbeit,
atmung,
bahnen,
bannen,
becken,
beeile,
beende,
beeren,
behält,
bekomm,
belang,
bellen,
bereit,
bereut,
betrag,
betrug,
beugen,
bieten,
bilden,
binden,
bleibe,
blufft,
blühen,
brauch,
brauen,
brause,
braves,
breite,
brenne,
bürste,
danken,
dasein,
detail,
dienen,
diener,
dienst,
dieser,
direkt,
drehen,
dritte,
drohen,
dünnen,
ehrung,
eigelb,
eigens,
eignen,
einsam,
eisern,
episch,
erklär,
ernten,
fahren,
falsch,
fehlen,
fehler,
feiern,
feilen,
felsen,
ferien,
fertig,
fessel,
feuern,
fieber,
filter,
finale,
finden,
finger,
fliege,
freuen,
frisch,
garten,
gauner,
geburt,
gemein,
gerste,
gewagt,
gewalt,
gewand,
glaube,
gratis,
greife,
halten,
haufen,
heilen,
heirat,
helfen,
helfer,
heraus,
herbei,
herein,
hinken,
hinweg,
hunger,
ingwer,
inhalt,
insekt,
irgend,
kabine,
kaiser,
kälter,
kammer,
kiefer,
kittel,
klinke,
knoten,
korken,
kostet,
kostüm,
kräfte,
kredit,
kühlen,
kusine,
lachen,
lächle,
lagern,
landen,
lasten,
laster,
lauten,
lauter,
leeren,
leiden,
leihen,
leiten,
leiter,
lieben,
lieber,
liegen,
lineal,
lohnen,
machen,
makler,
mandel,
marine,
mauern,
merkte,
mieter,
misere,
modern,
morden,
nacken,
neigen,
nenner,
nervös,
netter,
nieder,
nummer,
oberst,
ostern,
pfeile,
plagen,
planet,
posten,
rauben,
realen,
redner,
reiben,
reifen,
reisen,
reiten,
reizen,
rennen,
retten,
riegel,
riemen,
riesig,
ringen,
ringer,
rosten,
rösten,
rühmen,
rüsten,
sachen,
saiten,
sattel,
sauber,
schade,
schale,
schema,
schief,
schlaf,
schlau,
schwan,
sicher,
siegel,
siegen,
single,
sirene,
sitzen,
sofern,
stange,
stapel,
stehst,
steuer,
stören,
streik,
strich,
talent,
tanten,
tasten,
taugen,
teilen,
tennis,
tragen,
traube,
trauen,
treten,
trüben,
umsatz,
ungern,
verlag,
wachen,
wangen,
warnen,
warten,
wehren,
weinen,
weisen,
wiesel,
winden,
winkel,
winken,
wirbel,
zeugen,
zieren,
zirkel,
zwecke,
abbruch,
abfahrt,
abrufen,
agentur,
angeben,
anzeige,
baracke,
beeilen,
begehen,
begriff,
begrüße,
behörde,
belegen,
bemerkt,
beraten,
betonen,
biologe,
breiten,
chinese,
delikat,
demnach,
denkbar,
deshalb,
dialekt,
dichter,
diskret,
draußen,
drittel,
ehemals,
ehrgeiz,
einfach,
einfall,
einhalt,
einigen,
einlage,
eintopf,
elegant,
energie,
entlang,
erbauen,
ergeben,
erkläre,
erklärt,
erleben,
fesseln,
finster,
fischer,
flasche,
flecken,
fliegen,
fliehen,
frieden,
frische,
geraten,
gestein,
gleiten,
greifen,
gulasch,
handeln,
herüber,
hierauf,
hingabe,
hinüber,
hungern,
inserat,
intrige,
jeweils,
kleiden,
klirren,
kloster,
knacken,
komisch,
konkret,
kräften,
kratzen,
kreisel,
lächeln,
leisten,
manager,
mangeln,
materie,
meister,
merkmal,
musiker,
mustern,
nachdem,
naschen,
neugier,
neujahr,
neutral,
niemals,
oftmals,
pistole,
preisen,
rätseln,
reichen,
reizend,
reklame,
riechen,
satteln,
schaden,
schande,
schauen,
schiene,
schritt,
seminar,
spalten,
spitzen,
sprache,
steigen,
sterben,
steuern,
stimmen,
streben,
stürzen,
trennen,
tribüne,
trösten,
umarmen,
umkreis,
verband,
wachsen,
waschen,
wickeln,
zaubern,
rage,
reit,1050
was,
von,
vor,
alt,
ära,
bär,
bug,
bus,
dom,
faß,
fuß,
haß,
heu,
huf,
ich,
ihr,
ion,
job,
jod,
kap,
kuß,
lob,
los,
maß,
mit,
nun,
öde,
oma,
paß,
pol,
sex,
süß,
tal,
tip,
tod,
tot,
typ,
uhr,
weg,
wut,
zoo,
der,
mir,
hat,
war,
bin,
dir,
uns,
hab,
ihm,
des,
tut,
hör,
vom,
ach,
gib,
kam,
wär,
wem,
tja,
rum,
zog,
saß,
iss,
nix,
cop,
uni,
lhm,
pop,
akt,
hit,
wal,
fit,
bot,
axt,
jet,
lud,
log,
pub,
fax,
übt,
süd,
lau,
gäb,
affe,
afro,
ahhh,
ahnt,
ahoi,
akku,
alva,
amen,
atom,
aura,
auto,
aviv,
away,
babe,
baby,
bang,
bass,
baum,
beim,
beiß,
bett,
bild,
biss,
bist,
blöd,
bloß,
boah,
bock,
body,
boom,
boot,
bord,
borg,
böse,
bowl,
boyd,
brot,
bude,
bugs,
bull,
bums,
bund,
bunt,
büro,
buße,
buzz,
byam,
café,
camp,
chop,
chor,
city,
clem,
cobb,
cody,
cola,
colt,
cook,
coop,
cops,
coup,
cruz,
dads,
damm,
darf,
dass,
dave,
davy,
dazu,
dead,
deck,
dede,
denk,
depp,
diät,
dich,
dick,
dill,
ding,
dino,
dkay,
doch,
dock,
dogs,
doll,
doof,
dorf,
dose,
doug,
dreh,
drin,
duck,
duft,
dumm,
dvds,
eine,
euch,
eule,
euro,
exil,
fahr,
fakt,
fand,
fans,
farm,
faul,
feld,
fell,
fels,
fest,
fete,
fick,
fies,
film,
filz,
fing,
five,
flog,
floh,
floß,
flug,
flur,
fluß,
fond,
form,
foto,
foul,
four,
foxy,
fraß,
froh,
füge,
fügt,
fühl,
fuhr,
führ,
full,
füll,
fund,
funf,
fünf,
funk,
fürs,
furz,
füße,
gäbe,
gaby,
gang,
ganz,
gary,
gebt,
geil,
gell,
genf,
gibt,
gift,
gilt,
ging,
gips,
glut,
gmbh,
gold,
golf,
gong,
good,
göre,
gott,
grab,
grad,
graf,
gras,
gray,
grob,
groß,
grün,
gruß,
guck,
gump,
güte,
guys,
habt,
hack,
haha,
hahn,
haku,
half,
hall,
hang,
harz,
hatt,
hätt,
haue,
have,
heck,
heft,
heim,
held,
help,
herb,
herz,
hexe,
high,
hilf,
hing,
hirn,
hmmm,
hoch,
hohe,
hohl,
hohn,
hold,
holt,
holy,
holz,
hood,
hook,
hope,
hopp,
hört,
hose,
hugh,
hugo,
huhn,
huhu,
hund,
hunt,
hupe,
hupt,
hyde,
hyun,
idol,
iggy,
iowa,
irrt,
isst,
izzy,
jagd,
jage,
jagt,
jaja,
jake,
jaye,
jazz,
jede,
jedi,
jeep,
jeff,
jene,
jens,
jesu,
jets,
jill,
jimi,
jobs,
joch,
jody,
joel,
joey,
jose,
josé,
joss,
jude,
judy,
juhu,
juli,
jung,
juni,
juno,
jura,
jury,
just,
kaff,
kahl,
kalb,
kalk,
kalt,
käme,
kamt,
käse,
kauf,
kaum,
kauz,
kaya,
kehr,
keim,
keks,
kick,
kids,
kill,
kilo,
kind,
king,
kino,
kiss,
klon,
klub,
klug,
know,
knox,
koks,
koma,
kopf,
korb,
korn,
krug,
kuba,
kühn,
kuli,
kult,
kurs,
küss,
kyle,
lack,
lädt,
läge,
lapd,
lärm,
lass,
laub,
lauf,
lazy,
leih,
lenz,
lies,
liga,
limo,
litt,
loch,
look,
löse,
löst,
löwe,
loxi,
lucy,
ludo,
lügt,
luka,
lulu,
lupe,
lust,
mach,
mack,
magd,
malt,
mama,
mami,
marx,
märz,
matt,
maul,
mehl,
merk,
miez,
mild,
milz,
mimi,
mini,
moby,
möge,
mögt,
mojo,
moor,
mord,
möse,
moss,
move,
müde,
müll,
mumm,
mund,
muse,
muss,
nahm,
naht,
naiv,
naja,
narr,
navy,
neun,
nimm,
niña,
null,
nuss,
obst,
ocho,
oger,
ohhh,
ohio,
okay,
olga,
opas,
oper,
oslo,
oval,
paar,
pack,
pakt,
palm,
papa,
papi,
paps,
park,
pate,
pelz,
peru,
pfad,
pfui,
pike,
pilz,
pink,
pipi,
pitt,
play,
plus,
polo,
pony,
popo,
prag,
prüf,
puff,
puls,
pure,
putz,
qual,
quer,
rast,
raum,
räum,
raus,
rené,
riss,
ritt,
roll,
roms,
rosa,
roxy,
ruck,
rück,
rudi,
rudy,
ruft,
ruhm,
saal,
sack,
säge,
sags,
sähe,
salz,
sarg,
sehe,
seid,
setz,
sexy,
sieh,
sitz,
skip,
smog,
snob,
sofa,
sohn,
soll,
sook,
sorg,
soso,
soße,
spab,
spaß,
spät,
spur,
stoß,
stur,
subs,
süße,
suzy,
swat,
taft,
takt,
täte,
taxi,
text,
tick,
tiny,
tobt,
toby,
todd,
tode,
toll,
töte,
trag,
trug,
tuch,
turm,
tust,
umso,
uran,
vieh,
visa,
viva,
vlad,
volk,
voll,
volt,
vorm,
vorn,
vors,
vous,
wade,
wahr,
wald,
wand,
wäre,
warm,
wärs,
wart,
wärt,
webb,
weck,
wege,
wehe,
weht,
weis,
weiß,
weit,
werd,
wiii,
wild,
will,
wird,
wirf,
woge,
wohl,
wolf,
wood,
worf,
wort,
wozu,
wund,
würd,
wurf,
wurm,
wüst,
wutz,
yang,
ying,
yley,
yoga,
yoko,
york,
your,
yuan,
yuji,
yuki,
yuri,
zack,
zahl,
zähl,
zahm,
zahn,
zaun,
zehe,
zeig,
zelt,
zeug,
zhao,
zieh,
zink,
zinn,
zoll,
zone,
zoom,
zorn,
zwar,
zwei,
aaron,
abbau,
abdul,
about,
abtun,
achte,
ächzt,
adams,
adieu,
adiós,
adler,
adolf,
affen,
after,
again,
ahnst,
ahnte,
aktiv,
alamo,
alarm,
album,
alias,
alibi,
allah,
allem,
allen,
aller,
alles,
allzu,
aloha,
alpha,
altar,
alvin,
ambar,
amigo,
amour,
ampel,
amtes,
anbau,
andré,
angel,
angst,
angus,
ankam,
anlaß,
anruf,
ansah,
antat,
antun,
antut,
anzug,
apfel,
äpfel,
april,
areal,
ärger,
ärmel,
armer,
armes,
armut,
artig,
artus,
ärzte,
atlas,
atome,
autos,
avery,
babys,
backe,
bacon,
bälle,
banal,
bands,
banjo,
banks,
bären,
baron,
barry,
basil,
basis,
baten,
bates,
bäume,
baust,
baute,
beach,
beben,
becca,
becky,
beeii,
beide,
beißt,
bekam,
beleg,
bella,
bells,
bellt,
benji,
benny,
berry,
beruf,
besaß,
beste,
betet,
betsy,
betty,
beuge,
beugt,
beule,
beute,
bevor,
beweg,
bezug,
biest,
bijou,
biker,
bilde,
billy,
binde,
bingo,
birgt,
bitch,
bitte,
bjame,
blair,
blank,
blase,
blass,
bläst,
blatt,
blech,
bleib,
blick,
bligh,
blitz,
block,
blöde,
blond,
bloom,
bloße,
blues,
blüht,
blume,
bluse,
blüte,
board,
bobby,
boden,
bogen,
bohne,
bombe,
bonus,
boone,
boote,
booth,
boots,
börse,
bösen,
böser,
böses,
bosse,
boten,
bowen,
bowie,
boxen,
boxer,
boyer,
boyle,
brach,
brady,
bravo,
brech,
brett,
brich,
brick,
bring,
brody,
bronx,
brote,
brown,
brust,
bubba,
bubby,
buben,
bucht,
buddy,
buffy,
bügel,
bugsy,
buick,
bulle,
bully,
bumpy,
bumst,
bunny,
bürde,
burke,
büros,
busch,
busen,
büßen,
büste,
byron,
candy,
capri,
carla,
cäsar,
catch,
cavor,
cello,
cents,
champ,
chang,
chaos,
check,
cheng,
chevy,
chick,
chico,
chiko,
chile,
chili,
china,
ching,
chino,
chrom,
chuck,
cindy,
circa,
clans,
clara,
clark,
class,
cliff,
cloud,
clown,
clubs,
clyde,
coast,
codes,
coffy,
comes,
comic,
conan,
corey,
corps,
corso,
cosmo,
couch,
could,
court,
cover,
creed,
creme,
crook,
cross,
crown,
cuddy,
curly,
curry,
cyrus,
dabei,
daddy,
dafur,
dafür,
daher,
daisy,
dalli,
damit,
damme,
damon,
dämon,
dampf,
dankt,
danny,
dante,
daran,
darby,
darcy,
darin,
darum,
daten,
dates,
datum,
davey,
david,
davis,
davon,
davor,
dawes,
death,
decke,
deckt,
degen,
dehoh,
dekan,
delta,
demut,
denke,
denkt,
derek,
derer,
dersu,
desto,
devon,
dewey,
dicke,
diego,
diene,
dient,
diese,
dinah,
dirty,
disco,
dixie,
dizzy,
dobby,
docks,
dodge,
dolch,
dolly,
donau,
donut,
doris,
dosen,
dosis,
doyle,
draht,
drama,
drang,
drauf,
draus,
dream,
dreck,
drehe,
dreht,
drink,
dritt,
drive,
droge,
droht,
druck,
drück,
duell,
duffy,
dulde,
dumme,
dumpf,
durch,
dürre,
durst,
dusty,
dutch,
duval,
duzen,
dylan,
echte,
edler,
eilig,
einem,
eines,
einig,
eklig,
elend,
eliza,
ellie,
ellis,
elvis,
emmet,
empor,
emsig,
enden,
endes,
endet,
engen,
enger,
ennis,
erden,
erdöl,
ergab,
erhob,
essay,
essig,
ethik,
etwas,
euren,
eurer,
every,
ewige,
exakt,
extra,
fabel,
faden,
fäden,
fähig,
fähre,
fährt,
faire,
faith,
falke,
falle,
fälle,
falls,
fallt,
fällt,
falte,
fände,
fangt,
fängt,
fanny,
fanta,
farbe,
farce,
faser,
fasse,
fasst,
fatal,
faule,
faust,
fazit,
feder,
fehlt,
feige,
felix,
fette,
ficke,
fickt,
field,
fight,
figur,
filme,
films,
filmt,
finch,
finde,
fiona,
firma,
flair,
flehe,
fleiß,
flieg,
flieh,
flink,
flint,
flöhe,
flora,
flöte,
flott,
floyd,
fluch,
flüge,
flyer,
foley,
folge,
folie,
fonds,
forum,
fotos,
fötus,
fotze,
frack,
frage,
fragt,
franc,
frank,
franz,
freak,
frech,
fremd,
freut,
freya,
friss,
fritz,
frohe,
fromm,
front,
frost,
fuchs,
fügen,
fühle,
fühlt,
führe,
führt,
fülle,
füllt,
funke,
fürst,
füßen,
gabst,
gaius,
galle,
gange,
gänse,
garde,
garth,
gasse,
gäste,
gatte,
gavin,
gebot,
gefäß,
gegen,
gehen,
gehör,
gehts,
geige,
geile,
gekko,
gelbe,
gemäß,
gemüt,
genug,
gerät,
gerne,
gerty,
geübt,
gewiß,
ghost,
gibbs,
gibst,
gibts,
gießt,
ginge,
ginny,
girls,
glanz,
glatt,
glaub,
glied,
globe,
glory,
gluck,
glück,
going,
gomez,
gonna,
goody,
goofy,
goose,
gosse,
gotho,
gotta,
grabe,
grade,
grady,
graue,
greif,
greis,
grell,
griff,
grill,
grips,
grobe,
groll,
größe,
group,
grove,
grube,
gruft,
grund,
grüne,
grüße,
grüßt,
gucke,
guckt,
guido,
gummi,
gunst,
gurke,
gutem,
guter,
güter,
gutes,
gütig,
haare,
hacke,
hackt,
häfen,
hagen,
haiti,
haken,
halbe,
halle,
hallo,
hallt,
hälst,
halte,
halts,
hände,
handy,
hänge,
hängt,
happy,
hardy,
harry,
harte,
härte,
hasst,
hatte,
hätte,
haube,
hauch,
haupt,
hause,
haust,
haute,
haven,
hebel,
hebst,
hecht,
hefte,
heibt,
heide,
heidi,
heilt,
heißt,
heist,
helfe,
helft,
helga,
helle,
hello,
helme,
herrn,
herum,
hetze,
heult,
heute,
hexen,
hexer,
hicks,
hielt,
hievt,
hilft,
hinab,
hinzu,
hitze,
hobby,
hohem,
hohen,
hoher,
höher,
hohes,
holde,
holla,
hölle,
holly,
holst,
holte,
homer,
honey,
honig,
hören,
hörer,
hörst,
hörte,
hosen,
hotel,
house,
howdy,
howie,
hüfte,
hügel,
huike,
hülle,
hülse,
humor,
hupen,
hürde,
hurra,
hüten,
hüter,
hylas,
idiot,
igitt,
ihnen,
ihrem,
ihren,
ihrer,
ihres,
immer,
immun,
indem,
indiz,
infos,
innen,
innig,
input,
intim,
irrer,
irrst,
isaac,
islam,
jacke,
jacob,
jagen,
jäger,
jagst,
jagte,
jakob,
james,
jamie,
janet,
janey,
japan,
jault,
jeans,
jedem,
jeden,
jeder,
jedes,
jelly,
jenem,
jenen,
jener,
jenes,
jenna,
jenny,
jerry,
jessi,
jesus,
jetzt,
jimbo,
jimmy,
johan,
joint,
joker,
jonah,
jonas,
jones,
jorge,
josef,
josey,
josie,
joyce,
juana,
jubel,
juckt,
judah,
judas,
juden,
jüdin,
jules,
julio,
jumbo,
junge,
jungs,
junuh,
jurij,
juwel,
kabel,
kable,
kader,
käfer,
käfig,
kairo,
kakao,
kamen,
kämen,
kamin,
kampf,
kämpf,
kamst,
kämst,
kanal,
kanns,
kappe,
karin,
karma,
kasse,
kathy,
katja,
katya,
kauen,
kaufe,
kauft,
kazak,
kegel,
kehle,
kehre,
kehrt,
keine,
keins,
keith,
kekse,
kelch,
kelly,
kenia,
kenji,
kenne,
kerze,
kette,
keule,
khang,
kinos,
kiosk,
kippe,
kirby,
kitty,
kjell,
klage,
klagt,
klang,
klans,
klare,
klaue,
klaus,
klaut,
klebt,
klick,
klima,
klopf,
kluft,
kluge,
knabe,
knall,
knapp,
knast,
knete,
kniet,
knopf,
koche,
kocht,
köder,
kodex,
kohle,
komik,
komma,
kommt,
könig,
konto,
köpfe,
kopie,
koran,
korea,
korps,
köter,
kotze,
kotzt,
kovak,
krach,
kraft,
krähe,
krank,
kranz,
krass,
kraut,
krebs,
krieg,
kripo,
kriss,
kröte,
krumm,
kšnig,
küche,
kugel,
kühen,
küken,
kunde,
kunst,
kurve,
kürze,
küsse,
küsst,
kyoko,
kyoto,
labor,
lacht,
läden,
ladet,
lädst,
lagen,
lagst,
lakai,
lampe,
lande,
länge,
langt,
larry,
lasen,
laser,
lasse,
lasst,
lässt,
latte,
lauft,
läuft,
laura,
läuse,
laute,
ldiot,
leave,
lebst,
leckt,
ledda,
leeds,
legal,
lehne,
lehnt,
lehrt,
leide,
leiht,
lenke,
lenny,
lernt,
leroy,
lesbe,
lesen,
letzt,
leute,
level,
lexie,
lhnen,
lhrem,
lhren,
lhrer,
lhres,
libby,
licht,
liege,
liegt,
ließe,
liest,
likör,
lilly,
limit,
linie,
links,
linux,
lippe,
lissi,
lloyd,
loben,
locke,
lockt,
logan,
logik,
lohnt,
lohse,
lokal,
lords,
losen,
lösen,
loser,
löste,
louis,
löwen,
lowry,
loyal,
lucía,
lücke,
lucky,
luder,
lüfte,
lügen,
lügst,
luigi,
luisa,
lunch,
lunge,
luper,
lupin,
luxus,
lydia,
lygia,
lyrik,
macho,
macht,
maddy,
mädel,
mafia,
magda,
magic,
magie,
magst,
mähen,
major,
malik,
malte,
maman,
mamas,
mambo,
mamis,
mamma,
mammy,
manny,
mappe,
marco,
marcy,
maria,
mario,
marko,
marks,
markt,
marty,
maske,
masse,
mäßig,
matte,
matty,
mauer,
mäuse,
mccoy,
mcfly,
mcgee,
media,
meere,
mehdi,
meide,
meile,
meint,
melde,
melly,
menni,
merke,
merkt,
meryl,
messe,
metro,
miami,
miaut,
miene,
miete,
mieze,
mikro,
milch,
milde,
miliz,
mills,
milly,
minen,
minus,
misch,
misst,
missy,
mitch,
mitte,
mixer,
möbel,
möcht,
model,
mögen,
molly,
molto,
mommy,
monat,
mönch,
monty,
moore,
moped,
möpse,
moral,
morde,
moses,
motel,
motiv,
motor,
motta,
motto,
mount,
movie,
möwen,
mücke,
mucks,
müden,
mühen,
mühle,
mumie,
munde,
münze,
music,
müsli,
musst,
mutig,
mutti,
mütze,
nackt,
nadel,
nägel,
nähen,
näher,
nähte,
nancy,
nanny,
naomi,
navin,
nazis,
neffe,
nehmt,
neige,
neigt,
nenne,
nennt,
neuem,
neuen,
neuer,
neues,
nicht,
nicki,
nicky,
niete,
nigga,
nimmt,
ninja,
nixon,
nizza,
nobel,
noble,
nonne,
north,
notar,
nötig,
notiz,
novak,
nüsse,
nutze,
nutzt,
nützt,
obere,
obhut,
ochse,
odile,
offen,
öffne,
öfter,
ogami,
omaha,
onion,
onkel,
opfer,
opium,
oprah,
optik,
orbit,
order,
organ,
orgel,
orgie,
osaka,
osama,
oscar,
oskar,
owens,
ozean,
paare,
pablo,
packe,
packt,
paddy,
paige,
paine,
paket,
paley,
palme,
panik,
panne,
paolo,
papas,
papst,
parat,
paris,
parks,
parkt,
parry,
party,
passe,
pässe,
passt,
pasta,
patty,
paula,
pauls,
pause,
pawel,
payne,
peace,
peggy,
pelze,
pence,
penny,
peppi,
pepsi,
percy,
perle,
perry,
pesos,
pfand,
pfeif,
pferd,
pfiff,
pfund,
phase,
philo,
piano,
pidge,
piggy,
pilar,
pille,
pilot,
pilze,
pinky,
pirat,
pisse,
pisst,
pizza,
place,
plage,
plagt,
plane,
pläne,
plans,
platt,
platz,
plaza,
pluto,
pöbel,
poker,
polen,
polly,
power,
prall,
pratt,
prima,
prinz,
probe,
profi,
prosa,
prost,
prüfe,
prüft,
pscht,
pudel,
puder,
pulli,
pumpe,
puppe,
purdy,
pussy,
puste,
putze,
putzt,
quält,
quasi,
queen,
quere,
quill,
quinn,
quist,
quitt,
quote,
rabbi,
radar,
räder,
radio,
ralph,
rambo,
ramón,
rampe,
ranch,
randy,
raoul,
rasch,
rasse,
raste,
ratet,
ratte,
raubt,
rauch,
räume,
räumt,
ravic,
redet,
regle,
regst,
reimt,
reine,
reiße,
reist,
reize,
reizt,
renne,
rennt,
revue,
rhett,
ricky,
right,
ringe,
ringo,
rippe,
robby,
rocco,
rocks,
rodeo,
rodin,
rohre,
röhre,
rolex,
rolle,
rolls,
rollt,
romeo,
römer,
ronny,
rosig,
roten,
rotes,
round,
route,
rover,
rowan,
roxie,
royal,
royce,
rubel,
rubin,
rückt,
ruder,
rufus,
ruhen,
ruhig,
rührt,
ruine,
rumpf,
russe,
ryder,
säbel,
säcke,
sagst,
sahai,
sahen,
sähen,
sahst,
salat,
salbe,
sally,
salon,
salut,
samba,
sammy,
sandy,
sanft,
sankt,
sarge,
särge,
sasha,
saßen,
satan,
sätze,
sauer,
säuft,
saugt,
säule,
säure,
schäm,
schar,
schau,
scheu,
schob,
schon,
schön,
schub,
schuf,
schuh,
schuß,
scott,
scout,
sechs,
sedat,
seele,
segel,
segne,
sehne,
sehnt,
seien,
seife,
seile,
seine,
seist,
sekte,
selbe,
selig,
sende,
senil,
señor,
seoul,
sesam,
setzt,
seven,
shake,
shirt,
shows,
shrek,
sicht,
siege,
siegt,
siehe,
sieht,
simba,
simms,
singe,
singt,
sinkt,
sinne,
sioux,
sirup,
sissi,
sitte,
sitze,
sitzt,
skull,
slade,
small,
smart,
smith,
socke,
sogar,
söhne,
solle,
sollt,
somit,
sonar,
sonde,
songs,
sonja,
sonne,
sorge,
sorgt,
sorry,
sound,
south,
sowas,
sowie,
spalt,
spart,
späte,
spatz,
speck,
spice,
spike,
spind,
spion,
spitz,
spock,
spore,
spott,
sprit,
spuck,
spukt,
spüle,
spüre,
spürt,
squaw,
staat,
stach,
stadt,
stahl,
stall,
stamm,
stand,
starb,
stark,
starr,
start,
steak,
steht,
steif,
steii,
steve,
stich,
stick,
stieg,
stieß,
stiii,
still,
stirb,
stirn,
stock,
stoff,
stolz,
stopf,
stopp,
störe,
storm,
stört,
story,
stoße,
stößt,
streß,
strom,
stube,
stufe,
stuhl,
stumm,
sturz,
stute,
suche,
sucht,
süden,
sugar,
suite,
sully,
summe,
summt,
sumpf,
sünde,
sunny,
super,
suppe,
susan,
sushi,
susie,
süßen,
süßer,
süßes,
sword,
sybil,
szene,
tabak,
tafel,
tagen,
tammy,
tango,
tanks,
tanya,
tanze,
tanzt,
tarif,
tasse,
taste,
täten,
täter,
tätig,
taube,
taufe,
taugt,
taxis,
teams,
teddy,
teich,
teint,
telex,
tempo,
terry,
teste,
tests,
teure,
texas,
texte,
theke,
these,
thorn,
thron,
tibet,
tickt,
tiefe,
tiger,
timmy,
tinte,
tippe,
tipps,
tisch,
titan,
toast,
todes,
tokio,
tokyo,
tolle,
tomas,
tonne,
toomy,
töpfe,
torte,
total,
toten,
toter,
tötet,
tracy,
trage,
träge,
tragt,
trägt,
trail,
tramp,
trank,
trask,
traum,
träum,
traut,
treff,
trend,
trete,
trick,
triff,
trink,
tritt,
troja,
troll,
trost,
trotz,
truck,
trudy,
truhe,
tumor,
tunte,
türme,
tussi,
tüten,
twist,
tyler,
typen,
tyson,
überm,
übers,
übrig,
übung,
umher,
umweg,
umzug,
unfug,
ungut,
union,
unmut,
unsre,
untat,
unten,
üppig,
vance,
vater,
väter,
vegas,
velma,
venen,
venus,
verse,
vicki,
vicky,
video,
viele,
villa,
vinci,
viper,
virus,
visum,
vitus,
vogel,
vögel,
vogue,
voilà,
volle,
voran,
vorne,
waage,
wacht,
waere,
waffe,
wagst,
wähle,
wählt,
waise,
wales,
wally,
walsh,
wände,
wanna,
wanze,
waren,
warme,
wärme,
warne,
warnt,
warst,
wärst,
warte,
warum,
wayne,
weber,
weckt,
weder,
wegen,
weges,
wehen,
wehrt,
weich,
weide,
weine,
weint,
weiße,
weißt,
weist,
weite,
welch,
welle,
wells,
welpe,
wende,
wendy,
wenig,
wenns,
werde,
werfe,
werft,
werke,
werte,
wesen,
weste,
wette,
wider,
widme,
wiege,
wiegt,
wieso,
wilde,
wille,
willy,
winde,
winkt,
wirds,
wirft,
wirke,
wirkt,
wisch,
wisse,
wisst,
witwe,
witze,
wobei,
wodka,
wofür,
wogen,
woher,
wohin,
wohle,
wohne,
wohnt,
wölfe,
wolke,
wolle,
wollt,
woman,
womit,
wonka,
wonne,
woods,
woody,
woran,
worin,
world,
worte,
worum,
would,
wovon,
wovor,
wrack,
wuchs,
wucht,
wunde,
wurde,
würde,
würgt,
wurst,
wüste,
wüten,
wyatt,
yacht,
yentl,
yorks,
young,
yusuf,
zahle,
zähle,
zahlt,
zarte,
zäune,
zebra,
zehen,
zeige,
zeigt,
zeile,
zelle,
zelte,
zeugs,
zhang,
zheng,
zicke,
ziehe,
zieht,
ziele,
zielt,
zirka,
zisch,
zitat,
zivil,
zobel,
zogen,
zorro,
zucht,
zudem,
zügen,
zügig,
zünde,
zuvor,
zwang,
zweig,
zweit,
zwerg,
zwölf,
abbild,
abbott,
abende,
abends,
abflug,
abgabe,
abgang,
abgeht,
abitur,
ablauf,
absage,
absatz,
absurd,
abteil,
abwehr,
abwurf,
achtel,
achtet,
ächzen,
action,
adrian,
affäre,
afrika,
ähneln,
ähnelt,
ahnung,
aktien,
aktion,
alaska,
albern,
alfred,
alicia,
aliens,
alltag,
alonzo,
ältere,
altern,
alters,
always,
amanda,
ameise,
amelia,
ananas,
andere,
ändere,
ändern,
anders,
ändert,
andrea,
andrew,
anfing,
anflug,
angabe,
angeht,
angela,
angelo,
angels,
ängste,
anhält,
anhand,
anhang,
anhört,
ankara,
anlage,
anlauf,
anonym,
anrede,
anrief,
anruft,
ansage,
ansatz,
ansehe,
anshel,
anstoß,
antike,
antrag,
antust,
anwalt,
anzahl,
anzüge,
apache,
apollo,
archer,
archie,
archiv,
ärgern,
ärgert,
armand,
armeen,
ärmste,
arnold,
around,
arrest,
ärsche,
arthur,
arturo,
arznei,
ärzten,
arztes,
ärztin,
ashley,
aspekt,
asthma,
astrid,
atmest,
attila,
ätzend,
aubrey,
audrey,
aufbau,
aufder,
aufdie,
aufruf,
aufzug,
auggie,
august,
ausmaß,
aussah,
äußere,
äußern,
austin,
ausweg,
auszug,
autsch,
baader,
babies,
backen,
bäcker,
bagdad,
bagger,
bailey,
balboa,
balkan,
balken,
balkon,
ballon,
bambus,
banane,
banden,
bänder,
bandit,
banken,
banker,
banner,
barfuß,
barley,
barlow,
barnes,
barton,
batman,
bauern,
bäumen,
bauten,
baxter,
bayern,
beamte,
becher,
becker,
bedarf,
bedien,
beeilt,
befahl,
befand,
befehl,
before,
befugt,
befund,
begabt,
begann,
begeht,
beging,
beginn,
behalt,
behüte,
beiden,
beider,
beides,
beinah,
beinen,
beirut,
beißen,
bekäme,
belegt,
bemühe,
bemüht,
benahm,
bender,
bengel,
benimm,
bennie,
benutz,
benzin,
bequem,
bereue,
bergab,
bergen,
berger,
berges,
berlin,
berman,
berühr,
beruht,
besagt,
besitz,
besorg,
besser,
bessie,
besten,
bester,
bestes,
bestie,
besuch,
betest,
betete,
betont,
betrat,
betrog,
betten,
beutel,
bewege,
bewegt,
beweis,
bewußt,
bezahl,
bezirk,
bianca,
biegen,
bienen,
bietet,
bikini,
bilanz,
bilder,
bildet,
billig,
bindet,
binnen,
bisher,
bishop,
bissen,
bissig,
bistja,
bitten,
bitter,
bittet,
bizarr,
bjarne,
blasen,
blauer,
blaues,
bleibt,
bleich,
blicke,
blickt,
bliebe,
blinde,
blitze,
blocks,
blöden,
blöder,
blödes,
blonde,
bloßen,
blumen,
bluten,
blüten,
blutes,
blutet,
blutig,
bogart,
bohnen,
bohren,
bohrer,
bolton,
bolzen,
bomben,
bomber,
bonbon,
bonnie,
booten,
borden,
borgen,
boston,
bourne,
bowlen,
bowman,
brandi,
brandy,
braten,
braune,
bräute,
braver,
breche,
brecht,
bremse,
brenda,
brennt,
bricht,
briefe,
brille,
bringe,
bringt,
briten,
bronze,
brooke,
brooks,
brophy,
brücke,
bruder,
brüder,
brüllt,
brummt,
brutal,
brutus,
bryant,
buchen,
bücher,
büchse,
buckel,
bücken,
buddha,
budget,
buenos,
büffel,
buffet,
buford,
bügeln,
bullen,
bündel,
bunker,
buñuel,
bürgen,
burger,
bürger,
burton,
buster,
butler,
butter,
cabrio,
caesar,
cahill,
calder,
calvin,
campen,
campus,
canyon,
capone,
carlos,
carmen,
carrie,
carson,
carver,
casino,
casper,
cassie,
castro,
cecile,
center,
chance,
chanel,
charme,
chefin,
chemie,
chérie,
chewie,
church,
cindel,
claude,
clever,
coffey,
cognac,
colton,
comedy,
comics,
condor,
connie,
connor,
conrad,
conway,
coolen,
cooles,
cooney,
cooper,
cousin,
cowboy,
crusoe,
cuervo,
cullen,
curnow,
curtis,
cutler,
cyborg,
dachte,
daheim,
dakota,
dallas,
dalton,
damaja,
damals,
damien,
danach,
dancer,
daniel,
darauf,
daraus,
darein,
darfst,
darryl,
dauern,
daumen,
dealer,
debbie,
deckel,
decken,
decker,
defekt,
dehnen,
deinem,
deinen,
deiner,
deines,
denise,
denken,
denker,
denkst,
dennis,
denver,
deppen,
derart,
desert,
design,
dessen,
deuten,
deutet,
devdas,
devise,
devlin,
dialog,
dianne,
dichte,
dicken,
dicker,
dieben,
diebin,
diente,
diesel,
diesem,
diesen,
dieses,
dieter,
diktat,
dingen,
dinger,
diplom,
disney,
dmitri,
doktor,
dollar,
domino,
donald,
donner,
donnie,
doreen,
dörfer,
dorfes,
dornen,
double,
dozent,
drache,
drähte,
drängt,
draper,
drehst,
drehte,
dreien,
dreier,
dreist,
dringt,
drinks,
droben,
drogen,
dröhnt,
drohte,
drüben,
drüber,
drücke,
drückt,
ducken,
duftet,
dulden,
dummen,
dummer,
dümmer,
dummes,
dunbar,
dünger,
dunkel,
dünner,
dupree,
durchs,
dürfen,
durfte,
dusche,
dussel,
düster,
dwight,
ebenen,
ebenso,
echten,
echter,
echtes,
eduard,
edwina,
effekt,
egoist,
eifrig,
eigene,
eignet,
einige,
einmal,
einzig,
einzug,
eistee,
eiweiß,
elaine,
elende,
eliane,
elling,
elliot,
elster,
eltern,
elwood,
emilio,
emmett,
endest,
endete,
endlos,
engeln,
enorme,
entkam,
entzug,
epoche,
erbaut,
erdgas,
erfand,
erfolg,
erfuhr,
ergebe,
ergebt,
ergibt,
erhält,
erhebe,
erhebt,
erhöht,
erholt,
erhöre,
erlebe,
erlebt,
erlegt,
erlitt,
erlöse,
erlöst,
erneut,
ernste,
erregt,
ersatz,
erspar,
ersten,
erster,
erstes,
ertönt,
ertrag,
ertrug,
erwerb,
erzähl,
essbar,
essens,
esther,
etagen,
etappe,
eugene,
eunice,
europa,
evelyn,
ewigen,
ewiger,
ewiges,
examen,
exfrau,
export,
extrem,
fabrik,
fackel,
fahnen,
fahrer,
fährst,
fährte,
fairen,
fairer,
fakten,
faktor,
falken,
fallen,
fällen,
falles,
fällig,
fällst,
falten,
family,
fanden,
fänden,
fangen,
fängst,
farben,
färben,
farbig,
farmer,
fassen,
fässer,
fasste,
father,
faulen,
fauler,
fäuste,
federn,
fehlst,
fehlte,
feiere,
feiert,
feigen,
feiger,
feinde,
feinen,
feiner,
feines,
felder,
ferkel,
fernen,
ferner,
fersen,
festen,
fester,
festes,
fetten,
fetter,
fettes,
fetzen,
feucht,
feuert,
feurig,
fiasko,
ficken,
fickst,
fielen,
fieser,
filmen,
findet,
fingen,
firmen,
fische,
fläche,
flagge,
flamme,
flanke,
flegel,
flehen,
flehte,
fliegt,
flieht,
fließt,
flinte,
flippt,
flogen,
flohen,
flosse,
flotte,
flucht,
flügel,
flüsse,
fluten,
flying,
folgen,
folgst,
folgte,
folter,
format,
formel,
formen,
fortan,
fowler,
fracht,
fragen,
fragst,
fragte,
franco,
francs,
franks,
frauen,
freaks,
freddy,
freiem,
freien,
freier,
freies,
fresse,
freude,
freund,
freust,
freute,
friede,
friend,
friere,
friert,
frisör,
frisst,
frisur,
frohes,
frosch,
frucht,
frühen,
früher,
fühlen,
fühlst,
fühlte,
fuhren,
führen,
führer,
führst,
führte,
füllen,
fuller,
füller,
fulton,
fünfer,
fünfte,
funken,
furcht,
furzen,
fusion,
futsch,
futter,
gadget,
gähnen,
galgen,
gannon,
ganzem,
ganzen,
ganzer,
garage,
garber,
garcia,
garden,
gärten,
gästen,
gaston,
gatsby,
gatten,
gattin,
gaulle,
geahnt,
gebäck,
gebaut,
gebete,
gebiet,
gebote,
gebühr,
geduld,
geehrt,
geerbt,
gefahr,
gefiel,
gefühl,
gegend,
gegner,
gehabt,
gehalt,
geheim,
gehirn,
geholt,
gehöre,
gehort,
gehört,
gehweg,
geiger,
geilen,
geiler,
geiles,
geisel,
geisha,
geiste,
geizig,
gejagt,
gelang,
gelben,
gelber,
gelbes,
gelder,
geldes,
gelebt,
gelegt,
geleit,
gelobt,
gelöst,
gelten,
gelula,
gemahl,
gemalt,
gemüse,
genäht,
genaue,
geneco,
genial,
genick,
genies,
genieß,
genoss,
genüge,
genügt,
genuss,
gepäck,
gerade,
gerald,
gerard,
gérard,
geräte,
gerede,
geriet,
gering,
german,
geruch,
gesagt,
gesang,
gesehn,
gesetz,
gesten,
gesund,
gewann,
gewebe,
gewehr,
gewinn,
gewöhn,
gewürz,
ghetto,
gibson,
gierig,
gießen,
giftig,
gilson,
gingen,
ginger,
gipfel,
gittes,
gladys,
glänzt,
gläser,
glatze,
glaubt,
gleich,
gleise,
global,
globus,
glotze,
glotzt,
gluant,
glücks,
gnaden,
gnädig,
golden,
goldie,
gollum,
gönnen,
gordie,
gordon,
gorman,
gotham,
götter,
gottes,
göttin,
graben,
gräben,
gräber,
gracie,
grades,
grafen,
gräfin,
graham,
grande,
grauer,
grazie,
greift,
grenze,
grenzt,
gretel,
grinch,
grinst,
grippe,
groben,
grober,
grobes,
großem,
großen,
großer,
größer,
größte,
gruben,
grunde,
gründe,
grünen,
grüner,
grünes,
grunzt,
gruppe,
grüßen,
gucken,
guckst,
gudrun,
gültig,
gündüz,
gürtel,
gustav,
guttun,
haaren,
hacken,
hacker,
haette,
haften,
hagrid,
haines,
halbem,
halben,
halber,
halbes,
halfen,
hälfte,
hallen,
haltet,
hältst,
hamlet,
hammer,
handel,
händen,
handle,
handys,
hangar,
hängen,
hängst,
hannah,
hannes,
harald,
harbor,
harlem,
harley,
harmon,
harold,
harris,
harrys,
harten,
harter,
härter,
hartes,
harvey,
hassan,
hassen,
hasste,
hastig,
hatten,
hätten,
hattet,
hättet,
hattie,
häufen,
häufig,
häuser,
hauses,
hawaii,
hazama,
hector,
heften,
heftig,
heiben,
heiden,
heikel,
heikle,
heilig,
heimat,
heißen,
heißer,
heißes,
heiter,
heizen,
hektar,
hektor,
helden,
heldin,
helene,
hellen,
heller,
helles,
hemmen,
hengst,
henker,
henrik,
herauf,
herbst,
herkam,
herman,
hermes,
heroin,
herrin,
hervor,
herzen,
herzog,
hetero,
hetzen,
heulen,
hierin,
hierzu,
hießen,
hilfst,
hilton,
himmel,
hinauf,
hinaus,
hinein,
hingen,
hinten,
hinter,
hippie,
hirsch,
hissen,
hitler,
hitman,
hobbes,
hobbys,
hocken,
hocker,
hockey,
hoeren,
hoffen,
hoffst,
hoffte,
hoheit,
höhere,
höhlen,
holden,
holmes,
holten,
hombre,
hoover,
hopper,
hoppla,
horace,
hörner,
horror,
hörten,
hotdog,
hotels,
howard,
hubert,
hübsch,
hudson,
hüften,
hügeln,
hughes,
hühner,
hüllen,
hummel,
hummer,
hunden,
hündin,
hunnen,
hunter,
hüpfen,
hurley,
husten,
hustet,
hütten,
iassen,
icarus,
iceman,
ideale,
iguchi,
imbiss,
impfen,
import,
impuls,
indien,
inland,
innere,
innern,
inseln,
inside,
intakt,
intern,
irland,
ironie,
irrtum,
isabel,
island,
israel,
jackie,
jacobs,
jagten,
jaguar,
jahren,
jahres,
jammer,
janice,
januar,
jasmin,
jasper,
jawohl,
jawoll,
jeanie,
jedoch,
jeeter,
jemals,
jemand,
jennie,
jensen,
jeremy,
jerome,
jessie,
jigsaw,
jockey,
joggen,
johann,
jonesy,
jørgen,
joseph,
joshua,
jubeln,
jubelt,
jucken,
jugend,
julian,
julien,
julius,
jungen,
junger,
jünger,
junges,
junior,
junker,
junkie,
jurist,
justin,
justiz,
kaffee,
kaktus,
kalmus,
kalten,
kalter,
kaltes,
kamele,
kamera,
kämmen,
kämpfe,
kämpft,
kanada,
kanäle,
kannst,
kannte,
kanone,
kansas,
kapier,
kappen,
kapsel,
kaputt,
kapuze,
karate,
karras,
karren,
kartei,
karten,
karton,
kasino,
kasten,
katrin,
katzen,
kaufen,
käufer,
kaufst,
kaufte,
kaviar,
keaton,
kehren,
kehrte,
keinem,
keinen,
keiner,
keines,
keller,
kennen,
kenner,
kennst,
kerker,
kerlen,
kerzen,
kessel,
ketten,
keucht,
keusch,
killen,
killer,
kinder,
kindes,
kippen,
kirche,
kissen,
kisten,
kitano,
kiyoko,
klagen,
kläger,
klänge,
klappe,
klappt,
klaren,
klären,
klarer,
klares,
klasse,
klauen,
klaust,
klaute,
kleben,
kleine,
klemme,
klemmt,
klickt,
klient,
klinge,
klingt,
klinik,
klippe,
klopfe,
klopft,
klugen,
kluger,
klüger,
kluges,
knaben,
knackt,
knallt,
knarre,
knarrt,
knecht,
kneipe,
kneten,
knight,
knirps,
knöpfe,
knospe,
knurrt,
kobold,
kochen,
köchin,
kochst,
kochte,
koffer,
kohlen,
kokain,
kolben,
kommen,
kommst,
kondom,
konfus,
könige,
königs,
konnte,
konrad,
konsul,
konsum,
konten,
konvoi,
köpfen,
kopien,
körper,
kosmos,
kosten,
kôsuke,
kotzen,
krabat,
krabbe,
kracht,
kragen,
krähen,
kramer,
krampf,
krater,
kratzt,
krauts,
kreide,
kreise,
kreist,
kreuze,
kreuzt,
kriech,
kriege,
kriegt,
kritik,
kronen,
krönen,
kröten,
krücke,
kuchen,
kugeln,
kühler,
kultur,
kummer,
kümmer,
kumpel,
kunden,
kundin,
künste,
kupfer,
kuppel,
kürbis,
kurier,
kurven,
kurzem,
kurzen,
kürzen,
kurzer,
kürzer,
kurzes,
kurzum,
küssen,
küsste,
kuwait,
lacher,
lachst,
lachte,
ladies,
ladung,
lähmen,
lampen,
länder,
landes,
landet,
langem,
langer,
länger,
langes,
längst,
lappen,
laptop,
lassen,
lässig,
lästig,
laszlo,
latein,
lauern,
lauert,
laufen,
läufer,
läufst,
lauren,
laurie,
läuten,
lautes,
lautet,
läutet,
lawine,
leader,
lebend,
lebens,
lebten,
lecken,
lecker,
lecter,
leerer,
leeres,
legion,
legten,
lehnen,
lehnte,
lehren,
lehrer,
lehrte,
leiche,
leicht,
leider,
leidet,
leihst,
leinen,
leiser,
leises,
leiste,
leitet,
lenken,
lennie,
lennon,
lennox,
lenore,
lernen,
lernst,
lernte,
lesben,
leslie,
lesung,
letzte,
leugne,
leuten,
lichts,
liebes,
liebst,
liebte,
lieder,
liefen,
liegst,
ließen,
linden,
linien,
linken,
linker,
linkes,
lionel,
lippen,
lisbon,
listen,
little,
lizenz,
lizzie,
löcher,
locken,
locker,
löffel,
lokale,
lolita,
loomis,
löscht,
lösung,
lotsen,
lounge,
lovell,
lucian,
lucien,
lucius,
lücken,
ludwig,
lüften,
lügner,
lümmel,
lumpen,
lungen,
lustig,
luther,
lutsch,
machst,
machte,
mächte,
mackey,
macoco,
mädels,
maggie,
magnet,
magnum,
mahler,
maiden,
malfoy,
malibu,
malley,
mammut,
manche,
mandat,
mangel,
manion,
manner,
männer,
mannes,
mantel,
mäntel,
manuel,
marcel,
marcia,
marcus,
marian,
marias,
marina,
marion,
marken,
markus,
marmor,
marple,
marsch,
martha,
martin,
marvin,
masche,
masken,
massen,
massiv,
master,
matrix,
mattis,
maurer,
maxime,
maxine,
mayday,
mcleod,
medien,
medium,
meeres,
megumi,
mehmet,
meiden,
meidet,
meilen,
meinem,
meinen,
meiner,
meines,
meinst,
meinte,
meiste,
melden,
meldet,
melken,
melman,
melody,
melone,
melvin,
mengen,
mensch,
mentor,
merken,
merkst,
merrin,
messen,
messer,
metall,
meteor,
metern,
mexiko,
michal,
midway,
miesen,
mieser,
mieses,
mieten,
miguel,
mikael,
milieu,
miller,
millie,
minder,
minnie,
minute,
miriam,
mische,
mischt,
mittag,
mittel,
mitten,
miyagi,
mobile,
mochte,
möchte,
modell,
models,
moment,
monate,
monats,
mönche,
mondes,
monica,
monroe,
montag,
mookie,
mörder,
mordes,
morgan,
morgen,
morris,
morton,
motive,
motors,
motten,
mücken,
muffin,
mühsam,
munson,
munter,
münzen,
muriel,
murphy,
murray,
murren,
museum,
muskel,
müssen,
musste,
müsste,
muster,
mutige,
mylady,
mylord,
mythos,
nachts,
nackte,
nadeln,
nadine,
nähern,
nähert,
nahezu,
nahmen,
nahmst,
nähren,
namens,
nanine,
napalm,
narben,
narnia,
narren,
närrin,
nassen,
nathan,
nation,
neapel,
necken,
neffen,
nehmen,
nennen,
nennst,
nerven,
nervig,
netten,
nettes,
neubau,
nevada,
newman,
newton,
nichte,
nichts,
nickel,
nicken,
nicole,
niesen,
nimmer,
nimmst,
ninjas,
nippel,
niveau,
nobody,
nonnen,
norbit,
norden,
noriko,
normal,
norman,
normen,
norris,
norton,
notruf,
nullen,
nutzen,
nützen,
nutzte,
oberen,
oberin,
objekt,
obwohl,
ochsen,
octave,
odessa,
öffnen,
öffnet,
öfters,
oliven,
oliver,
onkels,
online,
opfern,
opfers,
option,
orakel,
orange,
ordnen,
oregon,
organe,
oshare,
ostsee,
oswald,
outfit,
ozeans,
pacino,
packen,
packst,
packte,
pakete,
palace,
palast,
palmen,
palmer,
pamela,
pancho,
panzer,
papier,
parade,
pardon,
parfum,
parfüm,
parken,
parole,
partei,
partie,
pascha,
passen,
passiv,
passte,
pastor,
patent,
pauken,
paulus,
peanut,
peking,
pelham,
pennen,
penner,
people,
pepper,
perlen,
perrin,
perser,
person,
peters,
petrus,
pfanne,
pfeife,
pfeift,
pferde,
pflege,
pforte,
pfoten,
pharao,
phoebe,
physik,
pickel,
picken,
piepen,
pieper,
pietro,
pignon,
pikant,
pilger,
pinsel,
pissen,
pisser,
pixote,
plakat,
planen,
plänen,
planst,
plante,
plasma,
platte,
platze,
plätze,
platzt,
player,
pleite,
pochen,
pocken,
podium,
poesie,
pointe,
pokern,
pommes,
portia,
poster,
powell,
pracht,
prägen,
prämie,
praxis,
preise,
presse,
pretty,
privat,
proben,
proffy,
profil,
profis,
profit,
prompt,
proton,
prozeß,
prüfen,
prüfer,
prügel,
psyche,
psycho,
pudern,
puerto,
pulver,
pumpen,
punchy,
punkte,
punsch,
puppen,
pusten,
putnam,
putzen,
puzzle,
pyjama,
quälen,
quälst,
quelle,
quoten,
rabatt,
rachen,
rächen,
rädern,
radius,
rafael,
rahmen,
rainer,
rakete,
ramada,
rammen,
ramsch,
ramsey,
ranger,
rannte,
rapide,
rasend,
rashid,
rassen,
rasten,
ratlos,
ratsam,
rätsel,
ratten,
räuber,
rauche,
raucht,
räumen,
rausch,
razzia,
reagan,
rebell,
rechne,
rechte,
rechts,
redest,
redete,
reform,
regeln,
reggie,
regime,
regina,
region,
regnen,
regnet,
reiche,
reicht,
reihen,
reilly,
reimen,
reinem,
reinen,
reiner,
reines,
reißen,
reiste,
reiter,
reitet,
rekord,
rekrut,
rektor,
renard,
renata,
rennst,
report,
retter,
rettet,
revier,
rezept,
rheuma,
rianne,
richie,
richte,
ridley,
rieche,
riecht,
riefen,
rinder,
rinnen,
risiko,
rissen,
ritten,
ritter,
ritual,
ritzen,
rivers,
rocken,
rodney,
roggen,
roland,
rollen,
roller,
romane,
ronald,
rooney,
rücken,
rudern,
rudert,
ruhige,
rühren,
ruinen,
rumson,
runden,
runter,
rupert,
rupfen,
rupien,
russen,
ruthie,
rydell,
sabbat,
sabine,
sachte,
sadako,
saddam,
saftig,
sagten,
sagtet,
sahara,
saigon,
saison,
salami,
salzig,
sammle,
samuel,
sancho,
sandra,
sandte,
sangen,
sänger,
santos,
sascha,
sasori,
satans,
satire,
saturn,
saufen,
säufer,
saugen,
saures,
sausen,
sawyer,
schach,
schafe,
schaff,
schall,
schalt,
schäme,
schämt,
scharf,
schatz,
schaue,
schaum,
schaut,
scheck,
schein,
schenk,
schere,
schert,
scherz,
schick,
schieb,
schien,
schieß,
schiff,
schild,
schirm,
schiss,
schlag,
schlug,
schluß,
schnee,
schnur,
schock,
schone,
schöne,
schoss,
schräg,
schrei,
schrie,
schubs,
schuft,
schuhe,
schuld,
schule,
schutt,
schutz,
schwer,
schwor,
schwör,
schwul,
schwül,
schwur,
scotch,
scotty,
seamus,
second,
seelen,
segeln,
segelt,
segnen,
sehnen,
seilen,
seinem,
seinen,
seiner,
seines,
seiten,
sektor,
selben,
selber,
selbst,
selten,
senats,
senden,
sender,
sendet,
senior,
senken,
serena,
sergei,
sergej,
sergio,
servus,
sessel,
setzen,
setzte,
seuche,
seufzt,
sheila,
shelby,
shogun,
should,
sidney,
sieben,
siebte,
sieger,
siehst,
siezen,
signal,
silber,
silver,
silvia,
simone,
simpel,
singen,
singer,
singst,
sinken,
sinnen,
sitten,
sklave,
skript,
skyler,
skynet,
slater,
slogan,
smiley,
sobald,
socken,
sodass,
soeben,
sofort,
söhnen,
sohnes,
solche,
soldat,
solide,
sollen,
sollst,
sollte,
sommer,
sonnen,
sonnig,
sophie,
sorgen,
sorgst,
sorgte,
sorten,
soviel,
soweit,
sowohl,
sozial,
späher,
spannt,
sparen,
spaßig,
späten,
spater,
später,
speise,
spende,
sperre,
sperrt,
spesen,
sphäre,
spider,
spiele,
spiels,
spielt,
spinat,
spinne,
spinnt,
spione,
spital,
spitze,
sporen,
sprach,
sprang,
sprech,
sprich,
spring,
spruch,
sprung,
spucke,
spuckt,
spülen,
spuren,
spüren,
spürst,
spürte,
stabil,
städte,
stalin,
stamme,
stämme,
stande,
starke,
stärke,
starre,
starrt,
starte,
stätte,
statue,
status,
steckt,
stehen,
stehle,
steige,
steigt,
steine,
stella,
stellt,
sterbe,
sterbt,
sterne,
stetig,
stevie,
stiche,
sticht,
stifte,
stille,
stimme,
stimmt,
stinkt,
stirbt,
stoffe,
stöhnt,
stolze,
stopft,
stoppt,
störst,
störte,
stoßen,
strafe,
straff,
strahl,
stramm,
strand,
strang,
straße,
strauß,
streck,
street,
streit,
streng,
strick,
strikt,
strömt,
stroud,
stuart,
stücke,
studie,
studio,
stufen,
stühle,
stumme,
stumpf,
stunde,
stünde,
stürme,
stürmt,
stürze,
stürzt,
stütze,
subtil,
suchen,
sucher,
suchst,
suchte,
sultan,
summen,
sünden,
sünder,
surfen,
surren,
suzuki,
sydney,
sylvia,
symbol,
szenen,
tadeln,
tagung,
taifun,
taille,
taiwan,
taktik,
talbot,
tanken,
tannen,
tanzen,
tänzer,
tanzte,
tapfer,
tappen,
tarnen,
tasche,
tassen,
tatort,
tattoo,
tauben,
tauche,
taucht,
taufen,
tausch,
taylor,
teilte,
teller,
temple,
tenoch,
termin,
terror,
testen,
teufel,
teuren,
teurer,
teures,
thanks,
thelma,
themen,
themse,
thomas,
ticken,
ticket,
tiefen,
tiefer,
tiefes,
tieren,
tieres,
tippen,
tische,
tobias,
tobruk,
tollen,
toller,
tolles,
tölpel,
tomate,
tonnen,
torres,
torrey,
totale,
tötest,
tötete,
touren,
towers,
tracht,
trafen,
träger,
tragik,
trägst,
trance,
tränen,
traten,
trauer,
trauma,
träume,
träumt,
traust,
traute,
travis,
treffe,
trefft,
treibt,
trenne,
trennt,
treppe,
tresen,
tresor,
tretet,
treuen,
treuer,
trevor,
tribun,
tribut,
trifft,
trinke,
trinkt,
trojas,
trolle,
tropft,
trucks,
trugen,
truman,
truppe,
tschüs,
tugend,
tunnel,
türkei,
türken,
türmen,
turnen,
tuttle,
tyrann,
üblich,
übrige,
umarme,
umarmt,
umfang,
umfeld,
umgang,
umgeht,
umgibt,
umhang,
umlauf,
umwelt,
unecht,
unfair,
unfall,
ungarn,
unheil,
unhold,
unklar,
unreif,
unruhe,
unsere,
unserm,
unsern,
unsinn,
untere,
unterm,
unters,
untreu,
unwohl,
uralte,
urlaub,
urteil,
urwald,
utopie,
valium,
valley,
vampir,
vargas,
vaters,
ventil,
verbot,
verein,
vergaß,
vergib,
verhör,
verlor,
vermag,
vernon,
verona,
verrat,
verrät,
vertan,
vertun,
verübt,
verzug,
vetter,
victor,
videos,
vielen,
vieler,
vieles,
vierte,
viktor,
vinnie,
violet,
virgil,
visage,
visier,
vision,
visite,
vivian,
vivien,
völker,
volkes,
vollem,
vollen,
voller,
volles,
völlig,
voodoo,
voraus,
vorbei,
vorhat,
vorher,
vorhin,
vorige,
vorort,
vorrat,
vortag,
vorzug,
vulgär,
vulkan,
wachst,
wächst,
wachte,
waffen,
wagens,
waggon,
wagnis,
wahlen,
wählen,
wähler,
wählst,
wahren,
wahrer,
wälder,
waldes,
walten,
walter,
wälzen,
walzer,
wandel,
wandte,
wanken,
wanzen,
wappen,
wärest,
warfen,
warmen,
warmer,
wärmer,
warmes,
warnte,
wärter,
wartet,
wasche,
wäsche,
wäscht,
wasser,
watson,
weaver,
wecken,
wecker,
weckst,
weckte,
wehtun,
wehtut,
weiber,
weiche,
weicht,
weiden,
weihen,
weilen,
weinst,
weinte,
weiser,
weißen,
weißer,
weißes,
weitem,
weiten,
weiter,
weizen,
welche,
wellen,
welles,
welpen,
welten,
wenden,
wendet,
wenige,
werben,
werden,
werdet,
werfen,
werken,
werner,
werten,
werter,
wesley,
wessen,
westen,
weston,
wetten,
wetter,
whisky,
wickie,
widmen,
wieder,
wiegen,
wiener,
wiesen,
wilbur,
wilcox,
wilden,
wilder,
wildes,
wilkes,
willen,
willie,
willig,
willow,
willst,
wimper,
windig,
winnie,
winter,
winzig,
wirfst,
wirken,
wirkst,
wirkte,
wirtin,
wissen,
witwen,
witwer,
witzig,
wochen,
wohler,
wohnen,
wohnst,
wölfen,
wolken,
wollen,
wollte,
wonach,
wonder,
worauf,
woraus,
worden,
worten,
wörter,
wortes,
wright,
wunden,
wunder,
wunsch,
wünsch,
wurden,
würden,
wurdet,
würdet,
würdig,
würfel,
würgen,
würmer,
wurzel,
würzen,
würzig,
wusste,
wüsste,
wütend,
yagyus,
yakuza,
yamato,
yorker,
yvette,
yvonne,
zahlen,
zählen,
zahlst,
zählst,
zahlte,
zählte,
zähmen,
zähnen,
zapata,
zapfen,
zarten,
zauber,
zehner,
zeigen,
zeiger,
zeigst,
zeigte,
zeilen,
zeiten,
zeitig,
zellen,
zelten,
zement,
zensur,
zerren,
zettel,
zeugin,
ziegel,
ziegen,
ziehen,
ziehst,
zielen,
ziffer,
zimmer,
zinsen,
zirkus,
zischt,
zögern,
zollen,
zombie,
zornig,
zucken,
zucker,
zuerst,
zufall,
zugabe,
zugang,
zugeht,
zügeln,
zugute,
zuhört,
zumute,
zünden,
zünder,
zündet,
zungen,
zupfen,
zürich,
zurück,
zusage,
zusatz,
zutage,
zuteil,
zuviel,
zweien,
zweier,
zweite,
zwerge,
zwinge,
zwingt,
zyklus,
abartig,
abbauen,
abdruck,
abgeben,
abgrund,
abhängt,
abhauen,
abheben,
abholen,
abhören,
abigail,
abladen,
abläuft,
ableben,
ablegen,
ablesen,
ablösen,
abnahme,
abraham,
abreise,
absagen,
absehen,
abseits,
absicht,
absolut,
abstand,
absturz,
abwärts,
achtung,
addison,
admirai,
admiral,
adresse,
affären,
agenten,
agentin,
ägypten,
ägypter,
ähnlich,
airport,
aktuell,
akustik,
alabama,
alberne,
alberto,
alfredo,
alkohol,
alleine,
allemal,
allianz,
allison,
almosen,
alsbald,
älteren,
älterer,
älteste,
alvarez,
amateur,
amazing,
ambrose,
ameisen,
america,
amerika,
amnesie,
amtlich,
amüsant,
amüsier,
analyse,
anbauen,
anblick,
anderem,
anderen,
anderer,
anderes,
änderst,
änderte,
andreas,
andrews,
anfälle,
anfange,
anfängt,
anfasst,
anfrage,
anfühlt,
angaben,
angeber,
angebot,
angehen,
angeles,
angetan,
angriff,
anhaben,
anheben,
anhören,
ankamen,
anklage,
ankommt,
ankunft,
anlegen,
anleihe,
anlügen,
annahme,
annehme,
annette,
annimmt,
annonce,
anonyme,
another,
anrecht,
anreden,
anregen,
anrufen,
anrufer,
anrufst,
ansagen,
ansager,
ansehen,
ansicht,
ansieht,
anstalt,
anstand,
anstatt,
anstieg,
anteile,
antenne,
anthony,
antlitz,
antoine,
antonio,
anträge,
antrieb,
antritt,
antwort,
anwälte,
anwesen,
anzieht,
anzutun,
apachen,
apostel,
apparat,
appetit,
applaus,
apropos,
äquator,
arabien,
arbeite,
argwohn,
arizona,
armband,
ärmsten,
arrakis,
arsenal,
arterie,
artikel,
aspekte,
aspirin,
atelier,
atemzug,
atlanta,
attacke,
atticus,
audienz,
aufgabe,
aufgeht,
aufgibt,
aufhält,
aufhöre,
aufhört,
auflage,
aufruhr,
aufsatz,
auftakt,
auftrag,
aufwand,
auktion,
ausfall,
ausflug,
ausgabe,
ausgang,
ausgeht,
ausgibt,
ausland,
auslese,
auspuff,
ausrede,
aussage,
aussagt,
aussehe,
äußeren,
äußeres,
äußerst,
austern,
ausüben,
auswahl,
ausweis,
auszeit,
automat,
autoren,
autorin,
avigdor,
babylon,
bahamas,
bahnhof,
balance,
ballade,
ballett,
ballons,
bananen,
bangkok,
bankett,
bankier,
barbara,
barbier,
bargeld,
barmann,
baronin,
barrett,
basiert,
basteln,
bastian,
bastion,
beachte,
beamten,
beamter,
beatles,
bedacht,
bedanke,
bedankt,
bedaure,
bedeckt,
bedenke,
bedenkt,
bedeute,
bedford,
bediene,
bedient,
bedingt,
bedroht,
beechum,
beehren,
beekman,
beenden,
beendet,
befehle,
befinde,
befolge,
befolgt,
befragt,
befreie,
befreit,
begeben,
begehrt,
beginne,
beginnt,
begreif,
begrüßt,
behalte,
beheben,
behielt,
beichte,
beifall,
beileid,
beinahe,
beitrag,
bekamen,
bekamst,
bekannt,
beklagt,
beklaut,
bekomme,
bekommt,
beladen,
belgien,
beliebt,
belogen,
belohnt,
belügen,
bemalen,
bemannt,
bemühen,
benannt,
benehmt,
beneide,
benigno,
benimmt,
bennett,
benutze,
benutzt,
berater,
beraubt,
bereden,
bereich,
bereite,
bereits,
bereuen,
bereust,
bergauf,
bergbau,
bergman,
bericht,
bernard,
berufen,
beruhen,
beruhig,
berühmt,
berühre,
berührt,
besagen,
besetzt,
besiegt,
besitze,
besitzt,
besorge,
besorgt,
besouro,
bessere,
bessern,
bestand,
bestehe,
besteht,
bestell,
bestens,
bestien,
besuche,
besucht,
betäubt,
beträgt,
betrieb,
betritt,
betrübt,
betrüge,
betrügt,
betteln,
bettelt,
bettler,
bewacht,
bewahre,
bewahrt,
bewährt,
bewegen,
bewegst,
bewegte,
beweise,
beweist,
bewirkt,
bewohnt,
bezahle,
bezahlt,
bezieht,
bezogen,
biegler,
bildern,
bildest,
bildnis,
bildung,
billard,
billige,
bindung,
bingiey,
biopsie,
bischen,
bischof,
bislang,
bißchen,
bittere,
bittest,
blanche,
blassen,
blätter,
bleiben,
bleibst,
blenden,
blendet,
blicken,
blieben,
blinden,
blinder,
blitzen,
blonden,
blonder,
bluffen,
blutbad,
blutest,
blutige,
blutung,
bonbons,
bosheit,
bosnien,
boucher,
bowling,
brachen,
brachte,
brächte,
bradley,
branche,
brandon,
brannte,
brauche,
braucht,
braunen,
brauner,
braunes,
brechen,
breitet,
bremsen,
brendan,
brennen,
brenner,
bretter,
brichst,
bridget,
briefen,
brigade,
brillen,
bringen,
bringst,
britney,
brocken,
brother,
brücken,
brüdern,
bruders,
brüllen,
brummen,
brunnen,
brüssel,
brüsten,
brutale,
büchern,
bummeln,
bündeln,
bündnis,
bürgern,
burnett,
bursche,
butters,
cabiria,
caitlin,
camelot,
cameron,
camille,
camillo,
camping,
capitán,
captain,
carlson,
carmine,
carolyn,
carrera,
casinos,
cassidy,
cecilia,
celeste,
celsius,
central,
chancen,
chandra,
channel,
checken,
chirurg,
cholera,
christi,
chronik,
cockpit,
coolste,
cricket,
dachten,
dachtet,
dadurch,
dagegen,
dämlich,
dämmert,
dämonen,
dämpfen,
daneben,
dankbar,
darüber,
dateien,
dauernd,
dauerte,
debatte,
deckung,
defizit,
delilah,
demütig,
denkmal,
dennoch,
deponie,
derzeit,
dessert,
details,
deutsch,
diamant,
dichten,
dienste,
diesmal,
digital,
dilemma,
dingern,
direkte,
distanz,
diverse,
dollars,
donnern,
doppelt,
dörfern,
dorfler,
dorthin,
drachen,
drängen,
drauben,
dreckig,
drehort,
drehtag,
drehten,
drehung,
dreieck,
dreimal,
dreißig,
dringen,
drinnen,
dritten,
dritter,
drittes,
dröhnen,
drohung,
droiden,
drucken,
drücken,
drucker,
drückst,
drückte,
drunter,
dukaten,
dümmste,
dumpfer,
dunklen,
dunkler,
dunkles,
durften,
dürften,
dürftig,
durstig,
duschen,
düstere,
dutzend,
dynamik,
dynamit,
effekte,
ehefrau,
ehemann,
ehepaar,
ehering,
ehrlich,
eigenem,
eigenen,
eigener,
eigenes,
einfluß,
eingang,
einheit,
einhorn,
einiger,
einiges,
einkauf,
einsame,
einsatz,
eintrag,
einwand,
einzeln,
einzige,
eisberg,
eiserne,
eiskalt,
eiskrem,
ekstase,
elefant,
eleganz,
element,
elenden,
elender,
eminenz,
emotion,
empfand,
empfang,
endlich,
endlose,
england,
english,
enkelin,
enormen,
entehrt,
entgeht,
enthält,
entwurf,
episode,
erbarme,
erbitte,
erfahre,
erfährt,
erfasst,
erfinde,
erfolge,
erfolgt,
erfreut,
erfülle,
erfüllt,
ergehen,
erhaben,
erhalte,
erhängt,
erheben,
erhielt,
erhoben,
erhofft,
erhöhen,
erhöhte,
erholen,
erinner,
erkannt,
erkenne,
erkennt,
erlangt,
erlaube,
erlaubt,
erlebte,
erlegen,
erlösen,
erlöser,
ermüdet,
ernährt,
ernannt,
ernenne,
ernsten,
ernster,
ernstes,
erobern,
erobert,
eröffne,
erraten,
erregen,
erreger,
erschuf,
ersetzt,
erspart,
erstens,
erstmal,
ertappt,
erteilt,
ertönen,
ertrage,
erträgt,
ertrank,
erwacht,
erwägen,
erwählt,
erwähne,
erwähnt,
erwarte,
erweckt,
erweist,
erwürgt,
erzähle,
erzählt,
erzeugt,
erzielt,
erzogen,
eskorte,
ethisch,
etikett,
etliche,
europas,
exempel,
experte,
express,
extreme,
fackeln,
fahnden,
fahrrad,
falsche,
familie,
fandest,
farbige,
farbton,
färbung,
fassade,
fassung,
fäulnis,
fäusten,
favorit,
februar,
fehlern,
feinden,
feindes,
feldern,
feldzug,
fenster,
ferrari,
fesselt,
festung,
feuchte,
feuerte,
figuren,
fiktion,
filiale,
filmten,
filtern,
findest,
fingern,
fischen,
fixiert,
flammen,
fleisch,
fleißig,
flieger,
fliegst,
fließen,
flirten,
flossen,
fluchen,
flügeln,
flusses,
flüssig,
folgend,
folgern,
folgten,
foltern,
fordere,
fordern,
fördern,
fordert,
fördert,
förster,
fragten,
franken,
freitag,
fremden,
fremder,
fremdes,
fressen,
freuden,
freudig,
freunde,
frieren,
friseur,
fritten,
frösche,
früchte,
frühere,
fühlten,
führend,
führten,
führung,
fünfmal,
fünften,
fünfter,
fünfzig,
funkeln,
fürchte,
fürsten,
fürstin,
fußball,
füttere,
füttern,
füttert,
galaxie,
galaxis,
galerie,
ganoven,
gärtner,
gattung,
gebären,
gebäude,
gebeten,
gebetet,
gebiete,
gebilde,
gebirge,
geboren,
geborgt,
geboten,
gebrüll,
gebucht,
gebührt,
gebüsch,
gedacht,
gedanke,
gedankt,
gedeckt,
gedicht,
gedient,
gedreht,
gedroht,
geehrte,
gefalle,
gefallt,
gefällt,
gefärbt,
gefasst,
gefecht,
gefehlt,
gefilmt,
gefolge,
gefolgt,
geformt,
gefragt,
gefreut,
gefühle,
gefühlt,
geführt,
gefüllt,
gegeben,
gegrüßt,
geguckt,
gehackt,
gehängt,
gehasst,
gehauen,
gehäuse,
geheilt,
geheime,
gehetzt,
geheult,
gehirne,
gehirns,
gehofft,
gehören,
gehörig,
gehörst,
gehörte,
geiseln,
geister,
geistes,
geistig,
gekannt,
gekauft,
gekillt,
geklärt,
geklaut,
gekocht,
gekonnt,
gekotzt,
gekürzt,
geküsst,
gelaber,
gelacht,
geladen,
gelähmt,
gelände,
gelangt,
gelaunt,
gelegen,
gelehrt,
gelernt,
gelesen,
geliebt,
gelingt,
gelockt,
gelogen,
gelohnt,
geltung,
gelübde,
gemacht,
gemälde,
gemeine,
gemeint,
gemerkt,
gemocht,
genannt,
genauen,
genauer,
genaues,
genauso,
geneigt,
genervt,
genesen,
geniale,
genieße,
genießt,
genosse,
genügen,
genutzt,
georgia,
georgie,
gepackt,
geparkt,
gepasst,
geplant,
geprägt,
geprobt,
geprüft,
geputzt,
gequält,
gerächt,
geraden,
gerammt,
gerannt,
geraubt,
geräumt,
gerecht,
geredet,
gereist,
gereizt,
gerhard,
gericht,
geringe,
gerücht,
gerufen,
gerührt,
gesamte,
gesandt,
geschah,
gesehen,
geselle,
gesetze,
gesetzt,
gesicht,
gesiegt,
gesorgt,
gespart,
gespött,
gespürt,
gestalt,
gestand,
gestank,
gestapo,
gestehe,
gesteht,
gestern,
gestört,
gesucht,
gesunde,
getanzt,
getarnt,
getauft,
geteilt,
getippt,
getötet,
getränk,
getraut,
getrost,
gewählt,
gewähre,
gewährt,
gewarnt,
geweckt,
gewehre,
gewehrt,
geweiht,
geweint,
gewerbe,
gewesen,
gewicht,
gewillt,
gewinne,
gewinnt,
gewirkt,
gewisse,
gewohnt,
gewöhnt,
gewollt,
gewusst,
gezahlt,
gezählt,
gezeigt,
gezeugt,
gezielt,
gezogen,
gilmore,
gitarre,
gittern,
glänzen,
glauben,
gläubig,
glaubst,
glaubte,
gleiche,
gleicht,
glieder,
globale,
glocken,
glotzen,
gnädige,
goldene,
goliath,
gorilla,
göttern,
gracias,
granate,
grandpa,
granger,
grausam,
gremium,
grenzen,
grieche,
griffen,
grigori,
grillen,
grinsen,
grissom,
grollen,
größere,
größten,
größter,
grotesk,
gründen,
gründer,
grunzen,
gruppen,
gunsten,
günstig,
gurgeln,
gusteau,
gütiger,
habgier,
haftung,
haltung,
halunke,
hämisch,
hämmern,
hammond,
hancock,
handelt,
händler,
härchen,
harding,
harmlos,
harriet,
häschen,
häßlich,
hattest,
hättest,
häusern,
haustür,
hawkins,
heather,
hebamme,
heftige,
heilige,
heilung,
heimweg,
heimweh,
heirate,
heitere,
heizung,
hendrix,
herbert,
hermine,
herzens,
herzlos,
herzogs,
heutige,
hexerei,
hielten,
hierbei,
hierfür,
hierher,
hierhin,
hiermit,
hiervon,
higgins,
hilflos,
himmels,
hindern,
hindert,
hingehe,
hingeht,
hintere,
hinterm,
hintern,
hinweis,
hitlers,
hochmut,
hoffman,
hofften,
höflich,
höheren,
holland,
holprig,
holzweg,
honorar,
hopkins,
horatio,
horchen,
hormone,
hörtest,
horvath,
höschen,
houston,
hübsche,
humbert,
hundert,
hungrig,
hygiene,
hypnose,
idealen,
idioten,
idiotin,
illegal,
imhotep,
immerzu,
indiana,
infarkt,
infolge,
inhaber,
inneren,
inneres,
insasse,
insider,
instanz,
interne,
irische,
irrsinn,
italien,
jackpot,
jacques,
jährige,
jamaika,
jammern,
jammert,
japaner,
jeffrey,
jenkins,
jessica,
joghurt,
johanna,
journal,
juanita,
jüdisch,
jüngere,
jungfer,
jüngste,
junkies,
jupiter,
juwelen,
kadaver,
kaisers,
kaliber,
kamerad,
kameras,
kämpfen,
kämpfer,
kampfes,
kämpfst,
kämpfte,
kannten,
kanonen,
kantine,
kanzlei,
kanzler,
kapelle,
kapiere,
kapiert,
kapital,
kapitän,
kapitel,
kaputte,
karibik,
karotte,
karpfen,
kaserne,
katalog,
kathryn,
katrina,
kauften,
kaution,
kehrten,
kellner,
kendall,
kenneth,
keramik,
kerosin,
kessler,
ketchup,
keuchen,
kichern,
kichert,
kimball,
kincaid,
kindern,
kirchen,
kirsche,
kitzeln,
kitzelt,
klappen,
klappte,
klärung,
klassen,
klassik,
klatsch,
klausur,
klavier,
kleider,
kleinem,
kleinen,
kleiner,
kleines,
klemmen,
klicken,
klingel,
klingen,
klingst,
klopfen,
klügste,
klumpen,
knacker,
knallen,
knaller,
knarren,
kneifen,
knights,
knipsen,
knöchel,
knochen,
knöpfen,
knüller,
knüpfen,
knüppel,
knurren,
koffein,
kojoten,
kollege,
kolonie,
kolumne,
kometen,
komfort,
komiker,
komitee,
kommode,
kommune,
komödie,
kompass,
komplex,
kondome,
königin,
konkurs,
konnten,
könnten,
konntet,
könntet,
konsens,
kontakt,
kontext,
konzept,
konzern,
konzert,
kopfweh,
kopiert,
körpern,
körpers,
korrekt,
korrupt,
korsett,
koscher,
kostbar,
kostete,
kostüme,
krabben,
krachen,
kräftig,
krallen,
krämpfe,
kranken,
kränken,
kranker,
krankes,
kratzer,
kräuter,
krawall,
kreativ,
kreatur,
kredite,
kreisen,
kreuzen,
kreuzer,
kriecht,
kriegen,
krieger,
krieges,
kriegst,
kriegte,
kringle,
krönung,
krüppel,
kubaner,
kuckuck,
kulisse,
kümmere,
kümmern,
kümmert,
kumpels,
kündige,
kündigt,
künftig,
kutsche,
lächelt,
lachend,
lachten,
lambert,
ländern,
landest,
landete,
landung,
längere,
langley,
langsam,
längste,
lanning,
lasagne,
laterne,
laufend,
lausige,
lautete,
lautlos,
lauwarm,
ldioten,
lebende,
lebhaft,
lebwohl,
leckere,
legende,
legitim,
lehmann,
leichen,
leichte,
leidest,
leistet,
leitete,
leitung,
lektion,
lenkrad,
leonard,
leopold,
lernten,
letzten,
letzter,
letztes,
leuchte,
leugnen,
lexikon,
libanon,
liberal,
lichten,
lichter,
liebend,
liebste,
liebten,
liefere,
liefern,
liefert,
lillian,
lindern,
lindsey,
lisbeth,
löchern,
löffeln,
logbuch,
logisch,
lokalen,
londons,
longley,
lorenzo,
loretta,
löschen,
losgeht,
lucille,
lustige,
luzifer,
macbeth,
machbar,
machete,
machine,
machten,
mächtig,
mädchen,
madison,
madonna,
maestro,
magazin,
magisch,
mahnung,
mailand,
mailbox,
malcolm,
malerei,
mallory,
manchen,
mancher,
manches,
mandant,
mandela,
mandeln,
mangelt,
männern,
manöver,
manuela,
manuell,
märchen,
mariana,
marilyn,
markham,
marlene,
marlowe,
marokko,
marquis,
marshal,
martine,
martini,
martins,
massage,
masseur,
mäßigen,
massive,
maßstab,
mathieu,
matilda,
matisse,
matrose,
matthew,
maureen,
maximal,
maxwell,
mclovin,
mcnally,
meadows,
meckern,
medizin,
meeting,
mehrere,
meinten,
meinung,
meisten,
melanie,
meldest,
meldete,
meldung,
melinda,
melissa,
melodie,
memphis,
merkten,
merrick,
messala,
messias,
messung,
methode,
metzger,
michael,
michail,
migräne,
mildern,
militär,
million,
minbari,
mineral,
minimum,
minuten,
miranda,
mischen,
mission,
mitgift,
mitleid,
mitsamt,
mittags,
mitteln,
mittels,
mochten,
möchten,
möchtet,
modelle,
moderne,
möglich,
momente,
monaten,
monique,
monitor,
monopol,
monster,
montags,
montana,
mördern,
mörders,
moretti,
morgana,
morgens,
morning,
moschee,
moslems,
motoren,
mueller,
muffins,
mühelos,
mulwray,
münchen,
murdoch,
murdock,
murmeln,
murmelt,
muschel,
musical,
muskeln,
mussten,
müssten,
mustang,
mutigen,
mutiger,
müttern,
mutters,
nachbar,
nachher,
nächste,
nächten,
nackten,
nahrung,
nämlich,
nannten,
narkose,
nebenan,
negativ,
neigung,
neueste,
neulich,
neuling,
neutron,
niagara,
nichtig,
niedrig,
niemand,
nikolai,
nirvana,
nochmal,
nordpol,
nordsee,
norfolk,
nörgeln,
normale,
notarzt,
notfall,
notiert,
notizen,
notlage,
notwehr,
nuklear,
nummern,
nunmehr,
nutzbar,
nutzlos,
nutzung,
oberste,
objekte,
odyssee,
offenem,
offenen,
offener,
öffnest,
öffnete,
öffnung,
ohnehin,
ohrring,
oktober,
omelett,
ooiiins,
ophelia,
optimal,
orangen,
ordnung,
orlando,
orleans,
orpheus,
osborne,
östlich,
paarmal,
packung,
panisch,
panther,
papagei,
papiere,
parasit,
pärchen,
pariser,
parkett,
parsons,
parties,
partner,
passend,
pastete,
patient,
patrick,
patriot,
patrone,
patsche,
pauline,
pazifik,
peilung,
pension,
perfekt,
periode,
perkins,
perseus,
perücke,
pervers,
pfarrer,
pfeffer,
pfeifen,
pfennig,
pferden,
pflanze,
pflegen,
pfleger,
pflegte,
pflicht,
pflügen,
phantom,
pharaos,
philipp,
phoenix,
pianist,
picasso,
piepsen,
piepton,
pierrot,
pilgern,
pinguin,
pinkeln,
pionier,
piraten,
planung,
plastik,
platten,
platzen,
plätzen,
playboy,
poliert,
politik,
polizei,
pollock,
poltern,
popcorn,
populär,
porsche,
portier,
portion,
porträt,
posaune,
positiv,
postamt,
prahlen,
prallen,
präsenz,
präzise,
predigt,
pressen,
preston,
preußen,
prinzip,
private,
probier,
problem,
proctor,
produkt,
projekt,
prophet,
protein,
protest,
provinz,
prozent,
prüfung,
prügeln,
prügelt,
pudding,
pumuckl,
punkten,
quadrat,
quatsch,
quellen,
quinlan,
rachael,
radikal,
raketen,
ralston,
ramallo,
randall,
rannten,
rasiere,
rasiert,
rassist,
rathaus,
rattern,
rauchen,
raucher,
rauchst,
rauchte,
rauskam,
raymond,
reaktor,
rebecca,
rechnen,
rechner,
rechnet,
rechten,
rechter,
rechtes,
redeten,
redlich,
referat,
reflexe,
refrain,
regiert,
regnete,
reicher,
reiches,
reichte,
reinigt,
reinkam,
reinste,
reitest,
rekorde,
relativ,
rendite,
rentner,
reserve,
respekt,
ressort,
restlos,
rettest,
rettete,
rettung,
revolte,
rezepte,
richard,
richten,
richter,
richtet,
richtig,
riechst,
riesige,
ringsum,
risiken,
riskant,
ritchie,
rituale,
rivalen,
riviera,
roberto,
roberts,
roboter,
rolling,
romanze,
römisch,
röntgen,
rosario,
rosinen,
rotwein,
routine,
rückweg,
rückzug,
rudolph,
ruhigen,
ruhiger,
ruhiges,
rührend,
rülpsen,
rumpeln,
runzeln,
rußland,
rüstung,
rutsche,
rutscht,
rütteln,
ryuzaki,
sachsen,
sagtest,
saladin,
sammeln,
sammelt,
sammler,
samstag,
samurai,
sanborn,
sanchez,
sanders,
sanften,
sanfter,
saphira,
saubere,
säubern,
sauerei,
scannen,
scanner,
schaben,
schäbig,
schacht,
schädel,
schäden,
schadet,
schafen,
schäfer,
schaffe,
schafft,
schälen,
schalte,
schämen,
schämst,
scharen,
scharfe,
schärfe,
schätze,
schatzi,
schätzt,
schaust,
schaute,
schecks,
scheibe,
scheich,
scheine,
scheint,
schenke,
schenkt,
scherbe,
scheren,
scherze,
scherzt,
scheuen,
scheune,
schicht,
schicke,
schickt,
schiebe,
schiebt,
schieße,
schießt,
schiffe,
schiffs,
schilde,
schlafe,
schlaff,
schlaft,
schläft,
schlage,
schläge,
schlagt,
schlägt,
schlamm,
schlank,
schlapp,
schlaue,
schleim,
schlich,
schlief,
schließ,
schlimm,
schlips,
schlitz,
schloss,
schluck,
schmach,
schmeiß,
schmerz,
schmidt,
schmied,
schmiss,
schmuck,
schmutz,
schnall,
schnapp,
schnaps,
schneid,
schneit,
schnell,
schnitt,
schonen,
schönen,
schoner,
schöner,
schönes,
schrank,
schreck,
schreib,
schreie,
schrein,
schreit,
schrieb,
schrien,
schrift,
schrott,
schufen,
schulde,
schulen,
schüler,
schurke,
schüsse,
schütze,
schützt,
schwach,
schwamm,
schwanz,
schwarm,
schwarz,
schwebe,
schwebt,
schweig,
schwein,
schweiß,
schweiz,
schwere,
schwert,
schwimm,
schwing,
schwöre,
schwört,
schwung,
science,
seattle,
sechste,
sechzig,
seemann,
seitdem,
seitens,
seither,
sektion,
sekunde,
seltene,
seltsam,
senator,
sendung,
separat,
sequenz,
service,
setzten,
seufzen,
seufzer,
sexuell,
seymour,
shampoo,
shaolin,
shekhar,
sheldon,
sheriff,
sherman,
shirley,
shizuku,
shoppen,
shrimps,
shuttle,
sichere,
sichern,
sichert,
sichten,
siebten,
siebzig,
signale,
simmons,
simpson,
sindbad,
sinnlos,
sirenen,
sitzung,
skandal,
skelett,
skinner,
skipper,
sklaven,
sklavin,
sméagol,
smoking,
solange,
solchem,
solchen,
solcher,
söldner,
sollten,
solltet,
sommers,
sondern,
sonntag,
sowieso,
sowjets,
soziale,
spanien,
spanier,
spannen,
spanner,
sparrow,
sparsam,
speisen,
spencer,
spenden,
spender,
sperren,
spezial,
spezies,
spiegel,
spielen,
spieler,
spielst,
spielte,
spießer,
spießig,
spinnen,
spinner,
spinnst,
spionin,
spirale,
spitzel,
sponsor,
spontan,
spooner,
spotten,
spreche,
sprecht,
sprengt,
spricht,
springe,
springs,
spritze,
spritzt,
sprüche,
sprühen,
sprünge,
spucken,
spurlos,
staaten,
staates,
stachel,
stadion,
stadium,
städten,
staffel,
stahlen,
stalker,
stammen,
stammes,
stammte,
standen,
ständer,
ständig,
stangen,
stanley,
stanton,
starben,
starken,
stärken,
starker,
stärker,
starkes,
starren,
starrst,
starrte,
starten,
startet,
station,
statuen,
staubig,
staunen,
stechen,
stecken,
stecker,
steckst,
steckte,
stehlen,
steifen,
steigst,
steinen,
stellen,
stellst,
stellte,
stempel,
stephen,
sternen,
steuert,
stevens,
steward,
stewart,
sticken,
stiefel,
stiegen,
stiehlt,
stifler,
stiften,
stillen,
stiller,
stimmst,
stimmte,
stimmts,
stinken,
stinker,
stinkst,
stirbst,
stöbern,
stocken,
stöhnen,
stolzen,
stolzer,
stopfen,
stoppen,
störung,
strafen,
strahlt,
strände,
straßen,
strecke,
streich,
streife,
streite,
strenge,
strengt,
strömen,
strumpf,
stücken,
student,
studien,
studios,
studium,
stunden,
stürmen,
stürzte,
stützen,
subjekt,
suchten,
süchtig,
südlich,
susanne,
süßeste,
suzanne,
swagger,
symbole,
symptom,
syndrom,
systeme,
tabelle,
tablett,
täglich,
takeshi,
talente,
taliban,
tanzten,
tapfere,
tarnung,
taschen,
tattoos,
tauchen,
taucher,
tauchst,
tauchte,
tausche,
täusche,
tauscht,
täuscht,
tausend,
technik,
teilten,
teilung,
telefon,
tendenz,
teppich,
tequila,
termine,
terrain,
teufels,
texaner,
theater,
theatre,
theorie,
theresa,
through,
tickets,
tiffany,
toaster,
tochter,
töchter,
tödlich,
tokuhei,
tollste,
tollwut,
tomaten,
tonband,
tonfall,
torheit,
töricht,
tornado,
toronto,
torpedo,
totalen,
totaler,
töteten,
tourist,
tournee,
trailer,
trainer,
traktor,
trampen,
tranken,
tränken,
trauben,
trauern,
trauert,
träumen,
träumer,
träumst,
träumte,
traurig,
trauung,
treffen,
treffer,
treibst,
treppen,
triaden,
tribune,
triffst,
trinken,
trinker,
trinkst,
trittst,
triumph,
trocken,
trockne,
trommel,
tropfen,
trophäe,
tröstet,
trottel,
trotzen,
trotzig,
trümmer,
truppen,
tschüss,
tüchtig,
turbine,
turnier,
typisch,
überall,
überaus,
überein,
übergab,
überleg,
übersee,
übliche,
übrigen,
übungen,
uhrwerk,
uhrzeit,
ukraine,
umbauen,
umfasst,
umfrage,
umgeben,
umgehen,
umhauen,
umlegen,
umsehen,
umsonst,
umstand,
unfähig,
unfälle,
unfalls,
unglück,
ungnade,
uniform,
unkraut,
unnötig,
unrecht,
unruhen,
unruhig,
unserem,
unseren,
unserer,
unseres,
unteren,
untreue,
unzucht,
uralten,
urheber,
urkunde,
ursache,
urteile,
vampire,
vanille,
vatikan,
venedig,
ventura,
veranda,
verehrt,
vereint,
vererbt,
verfall,
verfügt,
vergebe,
vergebt,
vergeht,
vergibt,
verging,
vergiss,
vergißt,
verhält,
verhext,
verirrt,
verjagt,
verkauf,
verkehr,
verlass,
verläßt,
verlaub,
verlauf,
verlegt,
verlief,
verlies,
verließ,
verlobt,
verlust,
vermißt,
vermont,
vermute,
verpass,
verpaßt,
verrate,
verriet,
versagt,
versaut,
version,
versteh,
verstoß,
versuch,
vertagt,
vertrag,
vertrau,
verüben,
verzeih,
verzieh,
vicodin,
viecher,
viermal,
viertel,
vierten,
vierter,
vierzig,
vietnam,
vincent,
violett,
visuell,
vitamin,
vollgas,
volumen,
vorbild,
vorerst,
vorfall,
vorfeld,
vorgang,
vorgeht,
vorhabe,
vorhang,
vorhast,
vorigen,
vorlage,
vormund,
vorname,
vornehm,
vorrang,
vorräte,
vorsatz,
vorsitz,
vorstoß,
vorteil,
vortrag,
vorüber,
vorwahl,
vorwand,
vorwort,
vorwurf,
wachsam,
wächter,
wackeln,
wackelt,
waggons,
wahllos,
wählten,
wahrend,
während,
währung,
wäldern,
wallace,
walters,
wandeln,
wandern,
wandert,
warnung,
wartest,
wartete,
wartung,
wassers,
weasley,
website,
webster,
wechsel,
wechsle,
weckruf,
wegging,
weibern,
weichei,
weichen,
weicher,
weiches,
weigere,
weigern,
weigert,
weinend,
weitaus,
weitere,
welchem,
welchen,
welcher,
welches,
weltall,
wendung,
wenigen,
weniger,
werbung,
wertlos,
werwolf,
weshalb,
westens,
western,
wheeler,
whiskey,
whitney,
wichser,
wichtig,
wickham,
wiehern,
wiehert,
wieviel,
wildnis,
wilhelm,
willard,
willens,
willkür,
willste,
wimmeln,
wimmelt,
wimmern,
wimmert,
windeln,
winselt,
winslow,
winters,
winzige,
wirbeln,
wirksam,
wirkung,
wischen,
wissens,
wittern,
witzige,
wodurch,
wohlauf,
wohltat,
wohnort,
wohnten,
wohnung,
wollten,
wolltet,
wortlos,
worüber,
wuchsen,
wundere,
wundern,
wundert,
wünsche,
wünscht,
wurdest,
würdest,
würfeln,
wurscht,
wurzeln,
wussten,
wüssten,
wußtest,
wusstet,
zahltag,
zahlung,
zampano,
zehnmal,
zeichen,
zeichne,
zeigten,
zeitung,
zentner,
zentral,
zentrum,
zerfall,
zerlegt,
zeugnis,
zigarre,
zimmern,
zischen,
zitiere,
zitiert,
zitrone,
zittere,
zittern,
zittert,
zombies,
zubehör,
züchten,
zufälle,
zufolge,
zufügen,
zugeben,
zugehen,
zugriff,
zuhause,
zuhören,
zuhörer,
zuhörst,
zukunft,
zulegen,
zuletzt,
zuliebe,
zumeist,
zumuten,
zunahme,
zündung,
zurecht,
zurueck,
zurzeit,
zusagen,
zusehen,
zustand,
zusteht,
zustößt,
zutaten,
zutritt,
zuwachs,
zwangen,
zwängen,
zwanzig,
zweifel,
zweifle,
zweimal,
zweiten,
zweiter,
zweites,
zwiebel,
zwingen,
zynisch,
abfrage,
abgas,
abgebot,
abwärme,
achzig,
akut,
alge,
anfügen,
analog,
ankauf,
anreise,
atomar,
atomuhr,
attache,
aufsein,
aussäen,
ausbau,
ausfuhr,
auslage,
äußer,
autobus,
baldig,
behagen,
beizen,
bejahen,
beredt,
beschuß,
bildend,
blaß,
bleiern,
braue,
brutto,
bummel,
coupe,
damalig,
damast,
derb,
deutung,
dogma,
domizil,
dörren,
dortig,
düngen,
dünkel,
ehedem,
ehelich,
ehest,
eichung,
einüben,
einbuße,
einfalt,
einfuhr,
einstig,
emaille,
empören,
entgelt,
epik,
epochal,
epos,
erbgut,
erdnuß,
erlaß,
ersehen,
ethos,
expreß,
extrakt,
faktum,
faserig,
feudal,
fichte,
fundort,
formal,
frager,
frühzug,
fühlbar,
gängig,
gardine,
gären,
gasamt,
gebärde,
gefüge,
genuß,
gepräge,
gesamt,
gestrig,
gewahr,
gewähr,
gezackt,
gotik,
graphik,
gräte,
greuel,
hager,
haltbar,
härten,
hebung,
hehl,
hemmung,
heutig,
hiesig,
hobeln,
hofrat,
hohlweg,
höhnen,
hölzern,
horrend,
idylle,
inner,
irdisch,
isotop,
jäh,
jähren,
jargon,
jäten,
jetzig,
kalorie,
karg,
keimen,
keinmal,
klaffen,
klosett,
kloß,
kongreß,
konträr,
kontur,
koppeln,
kork,
korpus,
kürzung,
kuvert,
latent,
leimen,
lid,
literat,
lodern,
löten,
lötzinn,
lyrisch,
mahnen,
mäkeln,
mangan,
mehren,
meißeln,
meßbar,
meutern,
mindest,
mininum,
mithin,
mittler,
monoton,
monteur,
münden,
mündig,
muße,
nachlaß,
nächst,
namhaft,
netto,
neunzig,
neuzeit,
novelle,
nuance,
nuß,
obschon,
omnibus,
optiker,
optisch,
örtlich,
ost,
ozon,
pachten,
parabel,
passant,
pathos,
pietät,
plenum,
poetik,
polemik,
porös,
prägung,
praktik,
präzis,
primär,
purzeln,
quarz,
raffen,
ragen,
rassig,
rauh,
reuen,
rieseln,
riß,
roden,
roheit,
röten,
rüge,
rügen,
rührung,
rüstig,
säumen,
scharm,
seicht,
sickern,
sieden,
sodann,
solar,
spähen,
speien,
sprudel,
spurten,
synonym,
syntax,
tauen,
typus,
übermut,
umkehr,
umriß,
umsicht,
ex,
abt,
sag,
ans,
van,
fox,
ruh,
übe,
fix,
hop,
dia,
cup,
sol,
lux,
gag,
hip,
lab,
omi,
ami,
duo,
rap,
wog,
par,
pik,
zig,
gnu,
gör,
kar,
mau,
jam,
rar,
web,
rät,
sog,
aal,
fön,
hie,
aue,
irr,
bös,
eck,
bog,
fad,
yak,
näh,
jux,
lax,
spe,
alm,
pup,
wok,
uhu,
asia,
jota,
tagt,
gala,
yeti,
gags,
taro,
sank,
sets,
bade,
sold,
lava,
ahne,
zier,
pick,
koje,
bubi,
folg,
tofu,
bube,
säße,
kanu,
bebe,
möwe,
boxt,
moll,
bind,
alls,
zofe,
pult,
übst,
tönt,
bebt,
wirr,
flop,
ebbe,
peer,
brom,
grub,
hüpf,
beta,
clip,
vene,
olle,
äste,
quiz,
ruhr,
klär,
pfau,
trio,
hege,
pute,
zimt,
gieß,
hegt,
säue,
pump,
nutz,
watt,
spuk,
wich,
wett,
fade,
öden,
zoff,
amok,
erbt,
metz,
ergo,
dodo,
lobe,
hiob,
rüde,
verb,
trüb,
bong,
ouzo,
diva,
faxe,
ists,
boje,
kaue,
goss,
puma,
rotz,
zoos,
runs,
näht,
pott,
etui,
vita,
halo,
oral,
chic,
fegt,
dürr,
fake,
mohn,
nagt,
quäl,
oase,
nixe,
type,
taue,
grog,
ölen,
muff,
deut,
judo,
fixe,
wähl,
vogt,
soja,
zähe,
muli,
lobt,
neon,
aale,
quai,
brät,
flak,
däne,
moin,
opus,
föhn,
suff,
ulme,
mopp,
hops,
zeta,
anal,
warb,
gros,
zuck,
dung,
zugs,
laib,
sauf,
äxte,
rank,
toga,
wegs,
büßt,
rahm,
azur,
brat,
mops,
rieb,
hetz,
öfen,
saßt,
würg,
baff,
übte,
aula,
hock,
anno,
höfe,
trog,
mäht,
flag,
latz,
düse,
huld,
kämm,
gnom,
clou,
napf,
imam,
quad,
boxe,
veto,
kiwi,
doku,
spam,
guts,
zopf,
maxi,
pubs,
patt,
mole,
dutt,
furt,
dato,
rosé,
tobe,
nano,
gnus,
walz,
kamp,
hype,
disc,
können,
könnte,
rekords,